Building Block	ID	INCLUSION/EXCLUSION SMARTS	INCLUSION/EXCLUSION SMARTS	INCLUSION/EXCLUSION SMARTS	INCLUSION/EXCLUSION SMARTS	INCLUSION/EXCLUSION SMARTS	INCLUSION/EXCLUSION SMARTS	INCLUSION/EXCLUSION SMARTS	INCLUSION/EXCLUSION SMARTS	INCLUSION/EXCLUSION SMARTS	INCLUSION/EXCLUSION SMARTS	INCLUSION/EXCLUSION SMARTS	INCLUSION/EXCLUSION SMARTS	INCLUSION/EXCLUSION SMARTS	INCLUSION/EXCLUSION SMARTS	INCLUSION/EXCLUSION SMARTS	INCLUSION/EXCLUSION SMARTS	INCLUSION/EXCLUSION SMARTS	INCLUSION/EXCLUSION SMARTS	INCLUSION/EXCLUSION SMARTS	INCLUSION/EXCLUSION SMARTS	INCLUSION/EXCLUSION SMARTS	INCLUSION/EXCLUSION SMARTS	INCLUSION/EXCLUSION SMARTS	INCLUSION/EXCLUSION SMARTS	INCLUSION/EXCLUSION SMARTS	INCLUSION/EXCLUSION SMARTS	INCLUSION/EXCLUSION SMARTS	INCLUSION/EXCLUSION SMARTS	INCLUSION/EXCLUSION SMARTS	INCLUSION/EXCLUSION SMARTS	INCLUSION/EXCLUSION SMARTS	INCLUSION/EXCLUSION SMARTS
Acetylenes__AlkyneCH__ShouldContainAtLeastOne__-	C1	C#[CH]																															
Acetylenes__AlkyneCH__shouldNotContain	N1	[C,S,P](!@=[O,N,S])[F,Cl,Br]	[CH,CH2,SH,PH](!@=[O,N,S])	[Si,P,S,B][Cl,F,Br,I]	[SiH,SiH2,SiH3,SiH4,PH,PH2,PH3,SH,SH2,BH,BH2,BH3,BH4]	[Mg,Li,Zn][#6]																											
Acid__Aromatic_Acid__ShouldContainAtLeastOne__-	C2	[OD1]C(=O)c1ccccc1																															
Acid__Aromatic_Acid__shouldNotContain	N2	[OD1]C(=O)C(F)(F)F.*	[OD1]C(=O)[CH3].*	[OD1]C(=O)C(=O)[OD1].*	O=C[OD1].[C,S,P](=[O,N,S])[OD1,F,Cl,Br]	O=C[OD1].[CH,CH2,SH,PH]=[O,N,S]	[N;$([NH,NH2]);!$(NC=[C,N,O,P,S])!$(N=[C,N,O,S])!$(N[P,S])!$(N#[C])]	*=[NH]	[O,S]=[C;$(C([#6])[#6])]	[O,S]=[CH;$(C[#6])]	[O,S]=[CH2]	[SH,S-]	[Sn,B]	N[OH]	N=C=[O,S]	[Cl,Br,I][CX4]	[Si,P,S,B][Cl,F,Br,I]	[SiH,SiH2,SiH3,SiH4,PH,PH2,PH3,SH,SH2,BH,BH2,BH3,BH4]	[Mg,Li,Zn][#6]														
Acid__Aliphatic_Acid__ShouldContainAtLeastOne__-	C3	[OD1]C(=O)C																															
Acid__Aliphatic_Acid__shouldNotContain	N3	[OD1]C(=O)C(F)(F)F.*	[OD1]C(=O)[CH3].*	[OD1]C(=O)C(=O)[OD1].*	O=C[OD1].[C,S,P](=[O,N,S])[OD1,F,Cl,Br]	O=C[OD1].[CH,CH2,SH,PH]=[O,N,S]	[N;$([NH,NH2]);!$(NC=[C,N,O,P,S])!$(N=[C,N,O,S])!$(N[P,S])!$(N#[C])]	*=[NH]	[O,S]=[C;$(C([#6])[#6])]	[O,S]=[CH;$(C[#6])]	[O,S]=[CH2]	[SH,S-]	[Sn,B]	N[OH]	N=C=[O,S]	[Cl,Br,I][CX4]	[Si,P,S,B][Cl,F,Br,I]	[SiH,SiH2,SiH3,SiH4,PH,PH2,PH3,SH,SH2,BH,BH2,BH3,BH4]	[Mg,Li,Zn][#6]														
Acid__HetAcetic_Acid__ShouldContainAtLeastOne__-	C4	[OD1]C(=O)[CH2][a;!$(c1ccccc1)]																															
Acid__HetAcetic_Acid__shouldNotContain	N4	[OD1]C(=O)C(F)(F)F.*	[OD1]C(=O)[CH3].*	[OD1]C(=O)C(=O)[OD1].*	O=C[OD1].[C,S,P](=[O,N,S])[OD1,F,Cl,Br]	O=C[OD1].[CH,CH2,SH,PH]=[O,N,S]	[N;$([NH,NH2]);!$(NC=[C,N,O,P,S])!$(N=[C,N,O,S])!$(N[P,S])!$(N#[C])]	*=[NH]	[O,S]=[C;$(C([#6])[#6])]	[O,S]=[CH;$(C[#6])]	[O,S]=[CH2]	[SH,S-]	[Sn,B]	N[OH]	N=C=[O,S]	[Cl,Br,I][CX4]	[Si,P,S,B][Cl,F,Br,I]	[SiH,SiH2,SiH3,SiH4,PH,PH2,PH3,SH,SH2,BH,BH2,BH3,BH4]	[Mg,Li,Zn][#6]														
Acid__ArAcetic_Acid__ShouldContainAtLeastOne__-	C5	[OD1]C(=O)[CH2]c1ccccc1																															
Acid__ArAcetic_Acid__shouldNotContain	N5	[OD1]C(=O)C(F)(F)F.*	[OD1]C(=O)[CH3].*	[OD1]C(=O)C(=O)[OD1].*	O=C[OD1].[C,S,P](=[O,N,S])[OD1,F,Cl,Br]	O=C[OD1].[CH,CH2,SH,PH]=[O,N,S]	[N;$([NH,NH2]);!$(NC=[C,N,O,P,S])!$(N=[C,N,O,S])!$(N[P,S])!$(N#[C])]	*=[NH]	[O,S]=[C;$(C([#6])[#6])]	[O,S]=[CH;$(C[#6])]	[O,S]=[CH2]	[SH,S-]	[Sn,B]	N[OH]	N=C=[O,S]	[Cl,Br,I][CX4]	[Si,P,S,B][Cl,F,Br,I]	[SiH,SiH2,SiH3,SiH4,PH,PH2,PH3,SH,SH2,BH,BH2,BH3,BH4]	[Mg,Li,Zn][#6]														
Acid__Heteroaromatic_Acid__ShouldContainAtLeastOne__-	C6	[OD1]C(=O)[c;!$(c1ccccc1)]																															
Acid__Heteroaromatic_Acid__shouldNotContain	N6	[OD1]C(=O)C(F)(F)F.*	[OD1]C(=O)[CH3].*	[OD1]C(=O)C(=O)[OD1].*	O=C[OD1].[C,S,P](=[O,N,S])[OD1,F,Cl,Br]	O=C[OD1].[CH,CH2,SH,PH]=[O,N,S]	[N;$([NH,NH2]);!$(NC=[C,N,O,P,S])!$(N=[C,N,O,S])!$(N[P,S])!$(N#[C])]	*=[NH]	[O,S]=[C;$(C([#6])[#6])]	[O,S]=[CH;$(C[#6])]	[O,S]=[CH2]	[SH,S-]	[Sn,B]	N[OH]	N=C=[O,S]	[Cl,Br,I][CX4]	[Si,P,S,B][Cl,F,Br,I]	[SiH,SiH2,SiH3,SiH4,PH,PH2,PH3,SH,SH2,BH,BH2,BH3,BH4]	[Mg,Li,Zn][#6]														
Acylhalides__Acylhalides__ShouldContainAtLeastOne__-	C7	[#6]C(=O)[Cl,F,Br]																															
Acylhalides__Acylhalides__shouldNotContain	N7	[N;$([NH,NH2]);!$(NC=[C,N,O,P,S])!$(N=[C,N,O,S])!$(N[P,S])!$(N#[C])]	[OH,SH,S-,O-]	C=[NH]	[S,P](=[O,N])[F,Cl]	[Si,P,S,B][Cl,F,Br,I]	[SiH,SiH2,SiH3,SiH4,PH,PH2,PH3,SH,SH2,BH,BH2,BH3,BH4]	[Mg,Li,Zn][#6]																									
Acylhalides__O-Acylhalides__ShouldContainAtLeastOne__-	C8	[OD2]C(=O)[Cl,F,Br]																															
Acylhalides__O-Acylhalides__shouldNotContain	N8	[N;$([NH,NH2]);!$(NC=[C,N,O,P,S])!$(N=[C,N,O,S])!$(N[P,S])!$(N#[C])]	[OH,SH,S-,O-]	C=[NH]	[S,P](=[O,N])[F,Cl]	[Si,P,S,B][Cl,F,Br,I]	[SiH,SiH2,SiH3,SiH4,PH,PH2,PH3,SH,SH2,BH,BH2,BH3,BH4]	[Mg,Li,Zn][#6]																									
Acylhalides__N-Acylhalides__ShouldContainAtLeastOne__-	C9	[ND3]C(=O)[Cl,F,Br]																															
Acylhalides__N-Acylhalides__shouldNotContain	N9	[N;$([NH,NH2]);!$(NC=[C,N,O,P,S])!$(N=[C,N,O,S])!$(N[P,S])!$(N#[C])]	[OH,SH,S-,O-]	C=[NH]	[S,P](=[O,N])[F,Cl]	[Si,P,S,B][Cl,F,Br,I]	[SiH,SiH2,SiH3,SiH4,PH,PH2,PH3,SH,SH2,BH,BH2,BH3,BH4]	[Mg,Li,Zn][#6]																									
Anhydrides__Acyclic_Anhydrides__ShouldContainAtLeastOne__-	C10	[#6]-C(=O)!@-O-C(-[#6])=O																															
Anhydrides__Acyclic_Anhydrides__shouldNotContain	N10	[N;$([NH,NH2]);!$(NC=[C,N,O,P,S])!$(N=[C,N,O,S])!$(N[P,S])!$(N#[C])]	[OH,SH,S-,O-]	C=[NH]	[S,P](=[O,N])[F,Cl]	[Si,P,S,B][Cl,F,Br,I]	[SiH,SiH2,SiH3,SiH4,PH,PH2,PH3,SH,SH2,BH,BH2,BH3,BH4]	[Mg,Li,Zn][#6]																									
Aldehyde__Heteroaromatic_aldehydes__ShouldContainAtLeastOne__-	C11	O=[CH][c;!$(c1ccccc1)]																															
Aldehyde__Heteroaromatic_aldehydes__shouldNotContain	N11	[O;$(O=[CH][#6])].[O;$(O=[CH][#6])]	[C,S,P](!@=[O,N,S])[F,Cl,Br]	[C,S,P](!@=[O,N,S])[OH]	[CX4][Cl,Br,I]	[Sn,B]	[O,S]=C([#6])[#6]	[N;$([NH]);!$(NC=[C,N,O,P,S])!$(N=[C,N,O,S])!$(N[P,S])!$(N#C)]	[SH,S-]	[*]=[NH]	[*]=N[OH]	N=C=[O,S]	[Si,P,S,B][Cl,F,Br,I]	[SiH,SiH2,SiH3,SiH4,PH,PH2,PH3,SH,SH2,BH,BH2,BH3,BH4]	[Mg,Li,Zn][#6]																		
Aldehyde__Aliphatic_Aldehydes__ShouldContainAtLeastOne__-	C12	[C!a][CH]=O																															
Aldehyde__Aliphatic_Aldehydes__shouldNotContain	N12	[O;$(O=[CH][#6])].[O;$(O=[CH][#6])]	[C,S,P](!@=[O,N,S])[F,Cl,Br]	[C,S,P](!@=[O,N,S])[OH]	[CX4][Cl,Br,I]	[Sn,B]	[O,S]=C([#6])[#6]	[N;$([NH]);!$(NC=[C,N,O,P,S])!$(N=[C,N,O,S])!$(N[P,S])!$(N#C)]	[SH,S-]	[*]=[NH]	[*]=N[OH]	N=C=[O,S]	[Si,P,S,B][Cl,F,Br,I]	[SiH,SiH2,SiH3,SiH4,PH,PH2,PH3,SH,SH2,BH,BH2,BH3,BH4]	[Mg,Li,Zn][#6]																		
Aldehyde__Aromatic_aldehydes__ShouldContainAtLeastOne__-	C13	O=[CH][c;$(c1ccccc1)]																															
Aldehyde__Aromatic_aldehydes__shouldNotContain	N13	[O;$(O=[CH][#6])].[O;$(O=[CH][#6])]	[C,S,P](!@=[O,N,S])[F,Cl,Br]	[C,S,P](!@=[O,N,S])[OH]	[CX4][Cl,Br,I]	[Sn,B]	[O,S]=C([#6])[#6]	[N;$([NH]);!$(NC=[C,N,O,P,S])!$(N=[C,N,O,S])!$(N[P,S])!$(N#C)]	[SH,S-]	[*]=[NH]	[*]=N[OH]	N=C=[O,S]	[Si,P,S,B][Cl,F,Br,I]	[SiH,SiH2,SiH3,SiH4,PH,PH2,PH3,SH,SH2,BH,BH2,BH3,BH4]	[Mg,Li,Zn][#6]																		
Alcohols__Heterols__ShouldContainAtLeastOne__-	C14	[OH;+0][c;!$(c1ccccc1)]																															
Alcohols__Heterols__shouldNotContain	N14	[OH]c.[OH]c	[C,S,P](!@=[O,N,S])[F,Cl,Br]	[C,S,P](!@=[O,N,S])[OH]	[CH,CH2,SH,PH](!@=[O,N,S])	[Sn,B]	[SH,S-]	N=C=[O,S]	C=[NH]	[Si,P,S,B][Cl,F,Br,I]	[SiH,SiH2,SiH3,SiH4,PH,PH2,PH3,SH,SH2,BH,BH2,BH3,BH4]	[Mg,Li,Zn][#6]																					
Alcohols__Aliphatic_alcohols__ShouldContainAtLeastOne__-	C15	[OH;+0][CX4;!$(C[S,N,P,OD2]C=O)]																															
Alcohols__Aliphatic_alcohols__shouldNotContain	N15	[OH]C.[OH]C	[CX4,c]O[PD4](=O)(O[CX4,c])[CH;X4;$([OH])][$([C,S](=O)O[CX4,c]),$(C([CX4])(=O)[CX4,c]),$(C#N),$(S(=O)[N,O]),$([ND3]=O)]	[C,S,P](!@=[O,N,S])[F,Cl,Br]	[C,S,P](!@=[O,N,S])[OH]	[CH,CH2,SH,PH](!@=[O,N,S])	[Sn,B]	[SH,S-]	N=C=[O,S]	C=[NH]	[Si,P,S,B][Cl,F,Br,I]	[SiH,SiH2,SiH3,SiH4,PH,PH2,PH3,SH,SH2,BH,BH2,BH3,BH4]	[Mg,Li,Zn][#6]																				
Alcohols__Phenols__ShouldContainAtLeastOne__-	C16	[OH;+0]c1ccccc1																															
Alcohols__Phenols__shouldNotContain	N16	[OH]c.[OH]c	[C,S,P](!@=[O,N,S])[F,Cl,Br]	[C,S,P](!@=[O,N,S])[OH]	[CH,CH2,SH,PH](!@=[O,N,S])	[Sn,B]	[SH,S-]	N=C=[O,S]	C=[NH]	[Si,P,S,B][Cl,F,Br,I]	[SiH,SiH2,SiH3,SiH4,PH,PH2,PH3,SH,SH2,BH,BH2,BH3,BH4]	[Mg,Li,Zn][#6]																					
Alkenes__AlkenesCH2__ShouldContainAtLeastOne	C17	[CH2]=C([#6])[#6]	[CH2]=[CH][#6]																														
Alkenes__AlkenesCH2__shouldNotContain	N17	[C,S,P](!@=[O,N,S])[F,Cl,Br]	[C,S,P;!$([C,S]C(F)(F)F);!$(C[CH3]);!$(CC(=O)[OD1])](!@=[O,N,S])[OH]	[Cl,Br,I][CX4]	[Or3]	[CH2]=C([#6])[#6].[C!$(C[OD1,SD1,NH2])]=,#[C!$(C[OD1,SD1,NH2])]	[CH2]=[CH]([#6]).[C!$(C[OD1,SD1,NH2])]=,#[C!$(C[OD1,SD1,NH2])]	N=C=[O,S]	[#6]!@#N[*]	[C-]#[N+][*]	[Si,P,S,B][Cl,F,Br,I]	[SiH,SiH2,SiH3,SiH4,PH,PH2,PH3,SH,SH2,BH,BH2,BH3,BH4]	[NX2]=[N+]=[N-]	[Mg,Li,Zn][#6]																			
Alkenes__AlkenesForHeckCoupling__ShouldContainAtLeastOne	C18	[CH2]=CC(=O)O[#6]	[CH2]=CC#N	[CH2]=C[C-]#[N+]	[CH2]=Cc																												
Alkenes__AlkenesForHeckCoupling__shouldNotContain	N18	[C,S,P](!@=[O,N,S])[F,Cl,Br]	[C,S,P;!$([C,S]C(F)(F)F);!$(C[CH3]);!$(CC(=O)[OD1])](!@=[O,N,S])[OH]	[Cl,Br,I][CX4]	[Or3]	[CH2]=C([#6])[#6].[C!$(C[OD1,SD1,NH2])]=,#[C!$(C[OD1,SD1,NH2])]	[CH2]=[CH]([#6]).[C!$(C[OD1,SD1,NH2])]=,#[C!$(C[OD1,SD1,NH2])]	N=C=[O,S]	[Si,P,S,B][Cl,F,Br,I]	[SiH,SiH2,SiH3,SiH4,PH,PH2,PH3,SH,SH2,BH,BH2,BH3,BH4]	[NX2]=[N+]=[N-]	[Mg,Li,Zn][#6]																					
AlkylHalides__Alkyl_halides__ShouldContainAtLeastOne__-	C19	[Cl,Br,I][CX4]																															
AlkylHalides__Alkyl_halides__shouldNotContain	N19	[Cl][CX4].[Cl][CX4]	[CX4,c]O[PD4](=O)(O[CX4,c])[CH;X4;$([Cl,Br,I])][$([C,S](=O)O[CX4,c]),$(C([CX4])(=O)[CX4,c]),$(C#N),$(S(=O)[N,O]),$([ND3]=O)]	[Br][CX4].[Br][CX4]	[I][CX4].[I][CX4]	[Cl,Br,I,OH][CX4][Cl,Br,I,OH]	Cl[CH,CH2]N=O	[N;$([NH,NH2][#6,#7,O]);!$(N[CX3,CX2,P,S])]	[C,S,P](!@=[O,N,S])[OH]	[C,S,P](!@=[O,N,S])[F,Cl,Br]	N[OH]	N=C=[O,S]	[*]=[NH]	[OH]C[OD2!R]	[Si,P,S,B][Cl,F,Br,I]	[SiH,SiH2,SiH3,SiH4,PH,PH2,PH3,SH,SH2,BH,BH2,BH3,BH4]	[Mg,Li,Zn][#6]																
AlkylHalides__Heterocyclic_alkyl_halides__ShouldContainAtLeastOne__-	C20	[Cl,Br,I][$([CX4R]),$([CX4!R][CR]),$([CX4!R][CX4!R][CR])].[NR,SR,OR]																															
AlkylHalides__Heterocyclic_alkyl_halides__shouldNotContain	N20	[Cl][CX4].[Cl][CX4]	[Br][CX4].[Br][CX4]	[I][CX4].[I][CX4]	[Cl,Br,I,OH][CX4][Cl,Br,I,OH]	Cl[CH,CH2]N=O	[N;$([NH,NH2][#6,#7,O]);!$(N[CX3,CX2,P,S])]	[C,S,P](!@=[O,N,S])[OH]	[C,S,P](!@=[O,N,S])[F,Cl,Br]	N[OH]	N=C=[O,S]	[*]=[NH]	[OH]C[OD2!R]	[Si,P,S,B][Cl,F,Br,I]	[SiH,SiH2,SiH3,SiH4,PH,PH2,PH3,SH,SH2,BH,BH2,BH3,BH4]	[Mg,Li,Zn][#6]																	
AlkylHalides__Benzyl_halides__ShouldContainAtLeastOne__-	C21	[Cl,Br,I][CX4]c1ccccc1																															
AlkylHalides__Benzyl_halides__shouldNotContain	N21	[Cl][CX4].[Cl][CX4]	[Br][CX4].[Br][CX4]	[I][CX4].[I][CX4]	[Cl,Br,I,OH][CX4][Cl,Br,I,OH]	Cl[CH,CH2]N=O	[N;$([NH,NH2][#6,#7,O]);!$(N[CX3,CX2,P,S])]	[C,S,P](!@=[O,N,S])[OH]	[C,S,P](!@=[O,N,S])[F,Cl,Br]	N[OH]	N=C=[O,S]	[*]=[NH]	[OH]C[OD2!R]	[Si,P,S,B][Cl,F,Br,I]	[SiH,SiH2,SiH3,SiH4,PH,PH2,PH3,SH,SH2,BH,BH2,BH3,BH4]	[Mg,Li,Zn][#6]																	
AlkylHalides__Heteroaromatic_benzyl_halides__ShouldContainAtLeastOne__-	C22	[Cl,Br,I][CX4][c;!$(c1ccccc1)]																															
AlkylHalides__Heteroaromatic_benzyl_halides__shouldNotContain	N22	[Cl][CX4].[Cl][CX4]	[Br][CX4].[Br][CX4]	[I][CX4].[I][CX4]	[Cl,Br,I,OH][CX4][Cl,Br,I,OH]	Cl[CH,CH2]N=O	[N;$([NH,NH2][#6,#7,O]);!$(N[CX3,CX2,P,S])]	[C,S,P](!@=[O,N,S])[OH]	[C,S,P](!@=[O,N,S])[F,Cl,Br]	N[OH]	N=C=[O,S]	[*]=[NH]	[OH]C[OD2!R]	[Si,P,S,B][Cl,F,Br,I]	[SiH,SiH2,SiH3,SiH4,PH,PH2,PH3,SH,SH2,BH,BH2,BH3,BH4]	[Mg,Li,Zn][#6]																	
Amides__Amides__ShouldContainAtLeastOne__-	C23	[#6][C!$(CNC=[O,S])](=O)[N;+0;$([NH,NH2])!$(N[N,O,S,P])!$(NC=[N,S,P])]																															
Amides__Amides__shouldNotContain	N23	[C,S,P](!@=[O,N,S])[F,Cl,Br]	[C,S,P;!$([C,S]C(F)(F)F);!$(C[CH3]);!$(CC(=O)[OD1])](!@=[O,N,S])[OH]	[CX4][Cl,Br,I]	C1OC1	[#6][#5,#50;A]	N=C=[O,S]	[N;$([NH,NH2]);!$(NC=[C,N,O,P,S])!$(N=[C,N,O,S])!$(N[P,S])!$(N#[C])]	[Si,P,S,B][Cl,F,Br,I]	[SiH,SiH2,SiH3,SiH4,PH,PH2,PH3,SH,SH2,BH,BH2,BH3,BH4]	[Mg,Li,Zn][#6]																						
Amides__WeinrebAmides__ShouldContainAtLeastOne__-	C24	[#6]C(=O)N([CH3])O[CH3]																															
Amides__WeinrebAmides__shouldNotContain	N24	[C,S,P](!@=[O,N,S])[F,Cl,Br]	[C,S,P;!$([C,S]C(F)(F)F);!$(C[CH3]);!$(CC(=O)[OD1])](!@=[O,N,S])[OH]	[Cl,Br,I][CX4]	[Or3]	[Sn,B]	[SH,S-]	N=C=[O,S]	*=[NH]	[N;$([NH,NH2]);!$(NC=[C,N,O,P,S])!$(N=[C,N,O,S])!$(N[P,S])!$(N#[C])]	[O,S]=[C;$(C([#6])[#6])]	[O,S]=[CH;$(C[#6])]	[O,S]=[CH2]	[OH,O-]	[#6]!@#N[*]	[C-]#[N+][*]	C#[CH]	[O,N!R]=,#[C,N][CH][C,N]=,#[O,N!R]	[nH]	N=O	[Si,P,S,B][Cl,F,Br,I]	[SiH,SiH2,SiH3,SiH4,PH,PH2,PH3,SH,SH2,BH,BH2,BH3,BH4]	[Mg,Li,Zn][#6]										
Aminoacids__AlphaAmino_Acid__ShouldContainAtLeastOne__-	C25	[N;+0;$([NH,NH2]);$(N[CX4]C(=O)[OD1]);!$(NC=[N,O,S,P,C])!$(N=[C,N,O])!$(N[c,#7,O,S,P])!$(N#C)]																															
Aminoacids__AlphaAmino_Acid__shouldNotContain	N25	[C,S,P;!$([C,S]C(F)(F)F);!$(C[CH3]);!$(CC(=O)[OD1])](=[O,N,S])[OD1,F,Cl].O=C([OD1])[#6]	[CH,SH,PH;!$([C,S]C(F)(F)F);!$(C[CH3]);!$(CC(=O)[OD1])](=[O,N,S]).O=C([OD1])[#6]	[CX4][Cl,Br,I]	[Sn,B]	[O,S]=C([#6])[#6]	[N;$([NH,NH2]);!$(NC=[N,O,S,P,C])!$(N=[C,N,O])!$(N[#7,O,S,P])!$(N#[C])].[N;$([NH,NH2]);!$(NC=[N,O,S,P,C])!$(N=[C,N,O])!$(N[S,P])!$(N#[C])]	[SH,S-]	N[OH]	C1OC1	N=C=[O,S]	[*]=[NH]	NC(=O)OC([CH3])([CH3])[CH3]	NC(=O)O[CH2][CH]1c2ccccc2-c3ccccc13	NC(=O)O[CH2]c1[cH][cH][cH][cH][cH]1	[OD2]C(=O)[#6]	[Si,P,S,B][Cl,F,Br,I]	[SiH,SiH2,SiH3,SiH4,PH,PH2,PH3,SH,SH2,BH,BH2,BH3,BH4]	[Mg,Li,Zn][#6]														
Aminoacids__N-AromaticAmino_Acid__ShouldContainAtLeastOne__-	C26	[#6]C(=O)[OH].[N;+0;$([NH,NH2]c);!$(NC=[N,O,S,P,C])!$(N=[C,N,O])!$(N[#7,O,S,P])!$(N#C)]																															
Aminoacids__N-AromaticAmino_Acid__shouldNotContain	N26	[C,S,P;!$([C,S]C(F)(F)F);!$(C[CH3]);!$(CC(=O)[OD1])](=[O,N,S])[OD1,F,Cl].O=C([OD1])[#6]	[CH,SH,PH;!$([C,S]C(F)(F)F);!$(C[CH3]);!$(CC(=O)[OD1])](=[O,N,S]).O=C([OD1])[#6]	[CX4][Cl,Br,I]	[Sn,B]	[O,S]=C([#6])[#6]	[N;$([NH,NH2]);!$(NC=[N,O,S,P,C])!$(N=[C,N,O])!$(N[#7,O,S,P])!$(N#[C])].[N;$([NH,NH2]);!$(NC=[N,O,S,P,C])!$(N=[C,N,O])!$(N[S,P])!$(N#[C])]	[SH,S-]	N[OH]	C1OC1	N=C=[O,S]	[*]=[NH]	NC(=O)OC([CH3])([CH3])[CH3]	NC(=O)O[CH2][CH]1c2ccccc2-c3ccccc13	NC(=O)O[CH2]c1[cH][cH][cH][cH][cH]1	[OD2]C(=O)[#6]	[Si,P,S,B][Cl,F,Br,I]	[SiH,SiH2,SiH3,SiH4,PH,PH2,PH3,SH,SH2,BH,BH2,BH3,BH4]	[Mg,Li,Zn][#6]														
Aminoacids__GammaAmino_Acid__ShouldContainAtLeastOne__-	C27	[N;+0;$([NH,NH2]);$(N[CX4,O][CX4][CX4]C(=O)[OD1]);!$(N[CX4,O][CX4]C(=O)[OD1]);!$(N[CX4]C(=O)[OD1]);!$(NC=[N,O,S,P,C])!$(N=,#[C,N,O])!$(N[c,#7,S,P])]																															
Aminoacids__GammaAmino_Acid__shouldNotContain	N27	[C,S,P;!$([C,S]C(F)(F)F);!$(C[CH3]);!$(CC(=O)[OD1])](=[O,N,S])[OD1,F,Cl].O=C([OD1])[#6]	[CH,SH,PH;!$([C,S]C(F)(F)F);!$(C[CH3]);!$(CC(=O)[OD1])](=[O,N,S]).O=C([OD1])[#6]	[CX4][Cl,Br,I]	[Sn,B]	[O,S]=C([#6])[#6]	[N;$([NH,NH2]);!$(NC=[N,O,S,P,C])!$(N=[C,N,O])!$(N[#7,O,S,P])!$(N#[C])].[N;$([NH,NH2]);!$(NC=[N,O,S,P,C])!$(N=[C,N,O])!$(N[S,P])!$(N#[C])]	N[OH]	C1OC1	N=C=[O,S]	[*]=[NH]	NC(=O)OC([CH3])([CH3])[CH3]	NC(=O)O[CH2][CH]1c2ccccc2-c3ccccc13	NC(=O)O[CH2]c1[cH][cH][cH][cH][cH]1	[OD2]C(=O)[#6]	[NX3;$([NH2]),$([NH]C(=O)[OD2]),$([NH]C(=O)C(F)(F)F)][C!D4;$([CH2]),$(C[CH3]),$(C[CH2][CH2][CH2][NH]C(=[NH])[N;$([NH2]),$([NH]C(=O)[OD2]),$([NH]C(=O)C(F)(F)F)]),$(C[CH2][CH2]C(=O)[NH2,O!R]),$(C[CH]([CH3])[CH3]),$(C[CH2]c1[cH][cH]c([OD1])[cH][cH]1),$(C[CH2]c1[cH][nH]c2[cH][cH][cH][cH]c12),$(C[CH]([CH3])[OH]),$(C[CH2][OH]),$(C[CH2]c1[cH][cH][cH][cH][cH]1),$(C[CH2][CH2]S[CH3]),$(C[CH2][CH2][CH2][CH2][N;$([NH,NH2]),$([NH]C(=O)[OD2]),$([NH]C(=O)C(F)(F)F)]),$(C[CH2][CH]([CH3])[CH3]),$(C[CH]([CH3])[CH2][CH3]),$(C[CH2]c1[nD2][cH][nD2][cH]1),$(C[CH2][CH2]C(=O)[O!R]),$(C[CH2][SD1]),$(C[CH2]C(=O)[NH2,O!R])]C(=O)[O!R]	[O!R]C(=O)[CH]1[CH2][CH2][CH2][N;$([NH]),$(NC(=O)[OD2]),$([NH]C(=O)C(F)(F)F)]1	[CH3][N;$([NH]),$(NC(=O)[OD2]),$([NH]C(=O)C(F)(F)F)][CH2]C(=O)[O!R]	[Si,P,S,B][Cl,F,Br,I]	[SiH,SiH2,SiH3,SiH4,PH,PH2,PH3,SH,SH2,BH,BH2,BH3,BH4]	[Mg,Li,Zn][#6]												
Aminoacids__N-AliphaticAmino_Acid__ShouldContainAtLeastOne__-	C28	[#6]C(=O)[OH].[N;+0;$([NH,NH2]);!$(NC=[N,O,S,P,C])!$(N=[C,N,O])!$(N[c,#7,O,S,P])!$(N#C)]																															
Aminoacids__N-AliphaticAmino_Acid__shouldNotContain	N28	[C,S,P;!$([C,S]C(F)(F)F);!$(C[CH3]);!$(CC(=O)[OD1])](=[O,N,S])[OD1,F,Cl].O=C([OD1])[#6]	[CH,SH,PH;!$([C,S]C(F)(F)F);!$(C[CH3]);!$(CC(=O)[OD1])](=[O,N,S]).O=C([OD1])[#6]	[CX4][Cl,Br,I]	[Sn,B]	[O,S]=C([#6])[#6]	[N;$([NH,NH2]);!$(NC=[N,O,S,P,C])!$(N=[C,N,O])!$(N[#7,O,S,P])!$(N#[C])].[N;$([NH,NH2]);!$(NC=[N,O,S,P,C])!$(N=[C,N,O])!$(N[S,P])!$(N#[C])]	[SH,S-]	N[OH]	C1OC1	N=C=[O,S]	[*]=[NH]	NC(=O)OC([CH3])([CH3])[CH3]	NC(=O)O[CH2][CH]1c2ccccc2-c3ccccc13	NC(=O)O[CH2]c1[cH][cH][cH][cH][cH]1	[OD2]C(=O)[#6]	[Si,P,S,B][Cl,F,Br,I]	[SiH,SiH2,SiH3,SiH4,PH,PH2,PH3,SH,SH2,BH,BH2,BH3,BH4]	[Mg,Li,Zn][#6]														
Aminoacids__BetaAmino_Acid__ShouldContainAtLeastOne__-	C29	[N;+0;$([NH,NH2]);$(N[CX4,O][CX4]C(=O)[OD1]);!$(N[CX4]C(=O)[OD1]);!$(NC=[N,O,S,P,C])!$(N=,#[C,N,O])!$(N[c,#7,S,P])]																															
Aminoacids__BetaAmino_Acid__shouldNotContain	N29	[C,S,P;!$([C,S]C(F)(F)F);!$(C[CH3]);!$(CC(=O)[OD1])](=[O,N,S])[OD1,F,Cl].O=C([OD1])[#6]	[CH,SH,PH;!$([C,S]C(F)(F)F);!$(C[CH3]);!$(CC(=O)[OD1])](=[O,N,S]).O=C([OD1])[#6]	[CX4][Cl,Br,I]	[Sn,B]	[O,S]=C([#6])[#6]	[N;$([NH,NH2]);!$(NC=[N,O,S,P,C])!$(N=[C,N,O])!$(N[#7,O,S,P])!$(N#[C])].[N;$([NH,NH2]);!$(NC=[N,O,S,P,C])!$(N=[C,N,O])!$(N[S,P])!$(N#[C])]	N[OH]	C1OC1	N=C=[O,S]	[*]=[NH]	NC(=O)OC([CH3])([CH3])[CH3]	NC(=O)O[CH2][CH]1c2ccccc2-c3ccccc13	NC(=O)O[CH2]c1[cH][cH][cH][cH][cH]1	[OD2]C(=O)[#6]	[NX3;$([NH2]),$([NH]C(=O)[OD2]),$([NH]C(=O)C(F)(F)F)][C!D4;$([CH2]),$(C[CH3]),$(C[CH2][CH2][CH2][NH]C(=[NH])[N;$([NH2]),$([NH]C(=O)[OD2]),$([NH]C(=O)C(F)(F)F)]),$(C[CH2][CH2]C(=O)[NH2,O!R]),$(C[CH]([CH3])[CH3]),$(C[CH2]c1[cH][cH]c([OD1])[cH][cH]1),$(C[CH2]c1[cH][nH]c2[cH][cH][cH][cH]c12),$(C[CH]([CH3])[OH]),$(C[CH2][OH]),$(C[CH2]c1[cH][cH][cH][cH][cH]1),$(C[CH2][CH2]S[CH3]),$(C[CH2][CH2][CH2][CH2][N;$([NH,NH2]),$([NH]C(=O)[OD2]),$([NH]C(=O)C(F)(F)F)]),$(C[CH2][CH]([CH3])[CH3]),$(C[CH]([CH3])[CH2][CH3]),$(C[CH2]c1[nD2][cH][nD2][cH]1),$(C[CH2][CH2]C(=O)[O!R]),$(C[CH2][SD1]),$(C[CH2]C(=O)[NH2,O!R])]C(=O)[O!R]	[O!R]C(=O)[CH]1[CH2][CH2][CH2][N;$([NH]),$(NC(=O)[OD2]),$([NH]C(=O)C(F)(F)F)]1	[CH3][N;$([NH]),$(NC(=O)[OD2]),$([NH]C(=O)C(F)(F)F)][CH2]C(=O)[O!R]	[Si,P,S,B][Cl,F,Br,I]	[SiH,SiH2,SiH3,SiH4,PH,PH2,PH3,SH,SH2,BH,BH2,BH3,BH4]	[Mg,Li,Zn][#6]												
ArylHalide__Aryl_iodides__ShouldContainAtLeastOne__-	C30	c[I;D1]																															
ArylHalide__Aryl_iodides__shouldNotContain	N30	cI.cI	[CX4][I,Br,Cl]	[C,S,P](!@=[O,N,S])[F,Cl,Br]	[C,S,P;!$([C,S]C(F)(F)F);!$(C[CH3]);!$(CC(=O)[OD1])](!@=[O,N,S])[OH]	[SH,S-]	*=[NH]	N[OH]	C(=[S,N])[N]	[O,N!R]=,#[C,N][CH][C,N]=,#[O,N!R]	C1OC1	N=C=[O,S]	[C-]#[N+][*]	C#[CH]	[Si,P,S,B][Cl,F,Br,I]	[SiH,SiH2,SiH3,SiH4,PH,PH2,PH3,SH,SH2,BH,BH2,BH3,BH4]	[Mg,Li,Zn][#6]																
ArylHalide__Aryl_halides_Pd__ShouldContainAtLeastOne	C31	[n]1[a][a]c(Cl)[a][a]1	[cr6;$(cn)]Cl	c[I,Br]	cOS(=O)(=O)C(F)(F)F																												
ArylHalide__Aryl_halides_Pd__shouldNotContain	N31	cI.cI	cBr.cBr	[cr6;$(cn)]Cl.[cr6;$(cn)]Cl	[n]1c(Cl)[a]c(Cl)[a][a]1	cOS(=O)(=O)C(F)(F)F.cOS(=O)(=O)C(F)(F)F	[Cl,Br,I][CX4]	[C,S,P](!@=[O,N,S])[F,Cl,Br]	[C,S,P;!$([C,S]C(F)(F)F);!$(C[CH3]);!$(CC(=O)[OD1])](!@=[O,N,S])[OH]	[SH,S-]	*=[NH]	N[OH]	C(=[S,N])[N]	[O,N!R]=,#[C,N][CH][C,N]=,#[O,N!R]	C1OC1	N=C=[O,S]	[C-]#[N+][*]	[#6]!@#N[*]	C#[CH]	[Si,P,S,B][Cl,F,Br,I]	[SiH,SiH2,SiH3,SiH4,PH,PH2,PH3,SH,SH2,BH,BH2,BH3,BH4]	[Mg,Li,Zn][#6]											
ArylHalide__Aryl_halides_SN__ShouldContainAtLeastOne	C32	[F,Cl,Br,I]c1[a;!$([a][O])!$([a][Nv3X3])][a;!$([a][O])!$([a][Nv3X3])][a]([$([NX3](=O)=O),$([NX3+](=O)[O-]),$(C#N),$([CH]=O),$(C(O)=O),$(S(=O)=O)])[a;!$([a][O])!$([a][Nv3X3])][a;!$([a][O])!$([a][Nv3X3])]1	[F,Cl,Br,I]c1[a]([$([NX3](=O)=O),$([NX3+](=O)[O-]),$(C#N),$([CH]=O),$(C(O)=O),$(S(=O)=O)])[a;!$([a][O])!$([a][Nv3X3])][a;!$([a][O])!$([a][Nv3X3])][a;!$([a][O])!$([a][Nv3X3])][a;!$([a][O])!$([a][Nv3X3])]1	[n]1[a][a]c(Cl)[a][a]1	[cr6;$(cn)]Cl																												
ArylHalide__Aryl_halides_SN__shouldNotContain	N32	Fc1[a;!$([a][O])!$([a][Nv3X3])][a](F)[a]([$([NX3](=O)=O),$([NX3+](=O)[O-]),$(C#N),$([CH]=O),$(C(O)=O),$(S(=O)=O)])[a;!$([a][O])!$([a][Nv3X3])][a;!$([a][O])!$([a][Nv3X3])]1	Clc1[a;!$([a][O])!$([a][Nv3X3])][a](Cl)[a]([$([NX3](=O)=O),$([NX3+](=O)[O-]),$(C#N),$([CH]=O),$(C(O)=O),$(S(=O)=O)])[a;!$([a][O])!$([a][Nv3X3])][a;!$([a][O])!$([a][Nv3X3])]1	Brc1[a;!$([a][O])!$([a][Nv3X3])][a](Br)[a]([$([NX3](=O)=O),$([NX3+](=O)[O-]),$(C#N),$([CH]=O),$(C(O)=O),$(S(=O)=O)])[a;!$([a][O])!$([a][Nv3X3])][a;!$([a][O])!$([a][Nv3X3])]1	Ic1[a;!$([a][O])!$([a][Nv3X3])][a](I)[a]([$([NX3](=O)=O),$([NX3+](=O)[O-]),$(C#N),$([CH]=O),$(C(O)=O),$(S(=O)=O)])[a;!$([a][O])!$([a][Nv3X3])][a;!$([a][O])!$([a][Nv3X3])]1	Fc1c([$([NX3](=O)=O),$([NX3+](=O)[O-]),$(C#N),$([CH]=O),$(C(O)=O),$(S(=O)=O)])c(F)[a;!$([a][O])!$([a][Nv3X3])][a;!$([a][O])!$([a][Nv3X3])][a;!$([a][O])!$([a][Nv3X3])]1	Clc1c([$([NX3](=O)=O),$([NX3+](=O)[O-]),$(C#N),$([CH]=O),$(C(O)=O),$(S(=O)=O)])c(Cl)[a;!$([a][O])!$([a][Nv3X3])][a;!$([a][O])!$([a][Nv3X3])][a;!$([a][O])!$([a][Nv3X3])]1	Brc1c([$([NX3](=O)=O),$([NX3+](=O)[O-]),$(C#N),$([CH]=O),$(C(O)=O),$(S(=O)=O)])c(Br)[a;!$([a][O])!$([a][Nv3X3])][a;!$([a][O])!$([a][Nv3X3])][a;!$([a][O])!$([a][Nv3X3])]1	Ic1c([$([NX3](=O)=O),$([NX3+](=O)[O-]),$(C#N),$([CH]=O),$(C(O)=O),$(S(=O)=O)])c(I)[a;!$([a][O])!$([a][Nv3X3])][a;!$([a][O])!$([a][Nv3X3])][a;!$([a][O])!$([a][Nv3X3])]1	[cr6;$(cn)]Cl.[cr6;$(cn)]Cl	[n]1c(Cl)[a]c(Cl)[a][a]1	[CX4][I,Br,Cl]	[C,S,P](!@=[O,N,S])[F,Cl,Br]	[SH,S-]	[*]=[NH]	N[OH]	[O,N!R]=,#[C,N][CH][C,N]=,#[O,N!R]	C1OC1	N=C=[O,S]	[C-]#[N+][*]	[N;$([NH,NH2]);!$(NC=[C,N,O,P,S])!$(N=[C,N,O,S])!$(N[P,S])!$(N#[C])]	[Si,P,S,B][Cl,F,Br,I]	[SiH,SiH2,SiH3,SiH4,PH,PH2,PH3,SH,SH2,BH,BH2,BH3,BH4]	[Mg,Li,Zn][#6]									
Azides__Azides_Acylated__ShouldContainAtLeastOne__-	C33	[N-]=[N+]=N[C,S]=O																															
Azides__Azides_Acylated__shouldNotContain	N33	[C,S,P](!@=[O,N,S])[F,Cl,Br]	[Si,P,S,B][Cl,F,Br,I]	[SiH,SiH2,SiH3,SiH4,PH,PH2,PH3,SH,SH2,BH,BH2,BH3,BH4]	[Mg,Li,Zn][#6]																												
Bifunctional__Acid_Aldehyde__ShouldContainAtLeastOne__-	C34	[O;$(O=[CH][#6])].[O;$(O=C([#6])[OD1])]																															
Bifunctional__Acid_Aldehyde__shouldNotContain	N34	[C,S,P](!@=[O,N,S])[F,Cl,Br]	[N;$(NC(=O)O[CH2][CH]1c2ccccc2-c3ccccc13)]	[Cl,Br,I;$(Clc1[c,n][c,n]n[c,n][c,n]1),$(Clc1[n][c,n][n,c][c,n][c,n]1),$(Clc1[n]aa[a;!c]1),$([I,Br]c)]	C#[CH]	[O;$(O=[CH][#6])].[O;$(O=[CH][#6])]	[OD1]C(=O)[#6].[OD1]C(=O)	[N;$(NC(=O)OC([CH3])([CH3])[CH3])]	[N;$([NH,NH2]);!$(NC=[C,N,O,P,S])!$(N=[C,N,O,S])!$(N[P,S])!$(N#[C])]	[CX4][Cl,Br,I]	N=O	[OD1]C(=O)C(F)(F)F.*	[OD1]C(=O)[CH3].*	[OD1]C(=O)C(=O)[OD1].*	*=[NH]	[SH,S-]	[Sn,B]	N[OH]	N=C=[O,S]	[O,S]=C([#6])[#6]	[Si,P,S,B][Cl,F,Br,I]	[SiH,SiH2,SiH3,SiH4,PH,PH2,PH3,SH,SH2,BH,BH2,BH3,BH4]	[Mg,Li,Zn][#6]										
Bifunctional__Acid_ArylHalide__ShouldContainAtLeastOne__-	C35	[Cl,Br,I;$(Clc1[c,n][c,n]n[c,n][c,n]1),$(Clc1[n][c,n][n,c][c,n][c,n]1),$(Clc1[n]aa[a;!c]1),$([I,Br]c)].[O;$([OD1]C(=O)[#6])]																															
Bifunctional__Acid_ArylHalide__shouldNotContain	N35	[Cl,F,Br][C,P,S](=[O,S,N])[#6]	[#6][N;$([N+](=O)([#6])[O-]),$(N(=O)([#6])=O)]	[N;$(NC(=O)OC([CH3])([CH3])[CH3])]	[N;$(NC(=O)O[CH2][CH]1c2ccccc2-c3ccccc13)]	[N;$([NH,NH2]);!$(NC=[C,N,O,P,S])!$(N=[C,N,O,S])!$(N[P,S])!$(N#[C])]	[I]c.[I]c	[Br]c.[Br]c	[Cl;$(Clc1[c,n][c,n]n[c,n][c,n]1),$(Clc1[n][c,n][n,c][c,n][c,n]1),$(Clc1[n]aa[a;!c]1)].[Cl;$(Clc1[c,n][c,n]n[c,n][c,n]1),$(Clc1[n][c,n][n,c][c,n][c,n]1),$(Clc1[n]aa[a;!c]1)]	[CX4][Cl,Br,I]	[O;$([OD1]C(=O)[#6])].[O;$([OD1]C(=O)[#6])]	[O;$(O([CH3])C([#6])=O),$(O([CH2][CH3])C([#6])=O),$(O([CH2]c1[cH][cH][cH][cH][cH]1)C([#6])=O),$(O(C([CH3])([CH3])[CH3])C([#6])=O),$(O([CH2][CH]=[CH2])C([#6])=O)]	[OD1]C(=O)C(F)(F)F.*	[OD1]C(=O)[CH3].*	[OD1]C(=O)C(=O)[OD1].*	*=[NH]	[O,S]=[C;$(C([#6])[#6])]	[O,S]=[CH;$(C[#6])]	[O,S]=[CH2]	[SH,S-]	[Sn,B]	N[OH]	N=C=[O,S]	C(=[S,N])[N]	[O,N!R]=,#[C,N][CH][C,N]=,#[O,N!R]	C1OC1	[C-]#[N+][*]	C#[CH]	[Si,P,S,B][Cl,F,Br,I]	[SiH,SiH2,SiH3,SiH4,PH,PH2,PH3,SH,SH2,BH,BH2,BH3,BH4]	[Mg,Li,Zn][#6]		
Bifunctional__Acid_Ester__ShouldContainAtLeastOne__-	C36	[O;$(O=C([#6])[OD1])].[O;$(O([CH3])C([#6])=O),$(O([CH2][CH3])C([#6])=O),$(O([CH2]c1[cH][cH][cH][cH][cH]1)C([#6])=O),$(O(C([CH3])([CH3])[CH3])C([#6])=O),$(O([CH2][CH]=[CH2])C([#6])=O)]																															
Bifunctional__Acid_Ester__shouldNotContain	N36	[Cl,F,Br][C,P,S](=[O,S,N])[#6]	[O;$(O=[CH][#6])]	[N;$(NC(=O)OC([CH3])([CH3])[CH3])]	[N;$(NC(=O)O[CH2][CH]1c2ccccc2-c3ccccc13)]	[N;$([NH,NH2]);!$(NC=[C,N,O,P,S])!$(N=[C,N,O,S])!$(N[P,S])!$(N#[C])]	[O;$(O=C([#6])[OD1])].[O;$(O=C([#6])[OD1])]	[O;$(O([#6])C([#6])=O)].[O;$(O([#6])C([#6])=O)]	N=O	[CX4][Cl,Br,I]	[OD1]C(=O)C(F)(F)F.*	[OD1]C(=O)[CH3].*	[OD1]C(=O)C(=O)[OD1].*	*=[NH]	[O,S]=[C;$(C([#6])[#6])]	[O,S]=[CH;$(C[#6])]	[O,S]=[CH2]	[SH,S-]	[Sn,B]	N[OH]	N=C=[O,S]	[N-]=[N+]=N	[Si,P,S,B][Cl,F,Br,I]	[SiH,SiH2,SiH3,SiH4,PH,PH2,PH3,SH,SH2,BH,BH2,BH3,BH4]	[Mg,Li,Zn][#6]								
Bifunctional__Aldehyde_ArylHalide__ShouldContainAtLeastOne__-	C37	[O;$(O=[CH][#6])].[Cl,Br,I;$(Clc1[c,n][c,n]n[c,n][c,n]1),$(Clc1[n][c,n][n,c][c,n][c,n]1),$(Clc1[n]aa[a;!c]1),$([I,Br]c)]																															
Bifunctional__Aldehyde_ArylHalide__shouldNotContain	N37	[Cl,F,Br][C,P,S](=[O,S,N])[#6]	[O;$(O=C([#6])[OD1])]	[N;$([N+](=O)([#6])[O-]),$(N(=O)([#6])=O)]	[N;$(NC(=O)OC([CH3])([CH3])[CH3])]	[O;$(O=[CH][#6])].[O;$(O=[CH][#6])]	[Cl;$(Clc1[c,n][c,n]n[c,n][c,n]1),$(Clc1[n][c,n][n,c][c,n][c,n]1),$(Clc1[n]aa[a;!c]1)].[Cl;$(Clc1[c,n][c,n]n[c,n][c,n]1),$(Clc1[n][c,n][n,c][c,n][c,n]1),$(Clc1[n]aa[a;!c]1)]	[N;$([NH,NH2]);!$(NC=[C,N,O,P,S])!$(N=[C,N,O,S])!$(N[P,S])!$(N#[C])]	[I]c.[I]c	[Br]c.[Br]c	[CX4][Cl,Br,I]	[Sn,B]	[O,S]=C([#6])[#6]	[SH,S-]	[*]=[NH]	N=C=[O,S]	N[OH]	C(=[S,N])[N]	[O,N!R]=,#[C,N][CH][C,N]=,#[O,N!R]	C1OC1	[C-]#[N+][*]	[#6]!@#N[*]	C#[CH]	[Si,P,S,B][Cl,F,Br,I]	[SiH,SiH2,SiH3,SiH4,PH,PH2,PH3,SH,SH2,BH,BH2,BH3,BH4]	[Mg,Li,Zn][#6]							
Bifunctional__Aldehyde_Ester__ShouldContainAtLeastOne__-	C38	[O;$(O=[CH][#6])].[O;$(O([CH3])C([#6])=O),$(O([CH2][CH3])C([#6])=O),$(O([CH2]c1[cH][cH][cH][cH][cH]1)C([#6])=O),$(O(C([CH3])([CH3])[CH3])C([#6])=O),$(O([CH2][CH]=[CH2])C([#6])=O)]																															
Bifunctional__Aldehyde_Ester__shouldNotContain	N38	[Cl,F,Br][C,P,S](=[O,S,N])[#6]	[O;$(O=C([#6])[OD1])]	[O;$(O=[CH][#6])].[O;$(O=[CH][#6])]	[O;$(O([#6])C([#6])=O)].[O;$(O([#6])C([#6])=O)]	[N;$([NH,NH2]);!$(NC=[C,N,O,P,S])!$(N=[C,N,O,S])!$(N[P,S])!$(N#[C])]	[CX4][Cl,Br,I]	[Sn,B]	[O,S]=C([#6])[#6]	[SH,S-]	[*]=[NH]	N=C=[O,S]	N[OH]	[N-]=[N+]=N	[Si,P,S,B][Cl,F,Br,I]	[SiH,SiH2,SiH3,SiH4,PH,PH2,PH3,SH,SH2,BH,BH2,BH3,BH4]	[Mg,Li,Zn][#6]																
Bifunctional__Aldehyde_Nitro__ShouldContainAtLeastOne__-	C39	O=[CH][#6].[#6][N;$([N+](=O)([#6])[O-]),$(N(=O)([#6])=O)]																															
Bifunctional__Aldehyde_Nitro__shouldNotContain	N39	[Cl,F,Br][C,P,S](=[O,S,N])[#6]	[O;$(O=[CH][#6])].[O;$(O=[CH][#6])]	N=O.N=O	NC(=O)O[CH2][CH]1c2ccccc2-c3ccccc13	[O;$(O=C([#6])[OD1])]	[CX4][Cl,Br,I]	[Sn,B]	[O,S]=C([#6])[#6]	[SH,S-]	[*]=[NH]	[*]=N[OH]	N=C=[O,S]	[N;$([NH,NH2]);!$(NC=[C,N,O,P,S])!$(N=[C,N,O,S])!$(N[P,S])!$(N#[C])]	[Si,P,S,B][Cl,F,Br,I]	[SiH,SiH2,SiH3,SiH4,PH,PH2,PH3,SH,SH2,BH,BH2,BH3,BH4]	[Mg,Li,Zn][#6]																
Bifunctional__Aldehyde_SO2X__ShouldContainAtLeastOne__-	C40	[O;$(O=[CH][#6])].[F,Br,Cl]S(=O)(=O)																															
Bifunctional__Aldehyde_SO2X__shouldNotContain	N40	[F,Br,Cl]S(=O)(=O).[Cl,F,Br][C,P,S](=[O,S,N])[#6]	[CX4][Cl,Br,I]	[N;$([NH,NH2]);!$(NC=[C,N,O,P,S])!$(N=[C,N,O,S])!$(N[P,S])!$(N#[C])]	[Sn,B]	[O,S]=C([#6])[#6]	[SH,S-]	[*]=[NH]	[*]=N[OH]	N=C=[O,S]	[F,Cl,Br]S(=O)=O.[Si,P,S,B][Cl,F,Br,I]	[F,Cl,Br]S(=O)=O.[SiH,SiH2,SiH3,SiH4,PH,PH2,PH3,SH,SH2,BH,BH2,BH3,BH4]	[Mg,Li,Zn][#6]																				
Bifunctional__Aldehyde_Nboc__ShouldContainAtLeastOne__-	C41	[O;$(O=[CH][#6])].[N;$(NC(=O)OC([CH3])([CH3])[CH3])]																															
Bifunctional__Aldehyde_Nboc__shouldNotContain	N41	[O;$(O=C([#6])[OD1])]	[Cl,F,Br][C,P,S](=[O,S,N])[#6]	[O;$(O=[CH][#6])].[O;$(O=[CH][#6])]	[N;$(NC(=O)OC([CH3])([CH3])[CH3])].[N;$(NC(=O)OC([CH3])([CH3])[CH3])]	[N;$([NH,NH2]);!$(NC=[C,N,O,P,S])!$(N=[C,N,O,S])!$(N[P,S])!$(N#[C])]	[CX4][Cl,Br,I]	[Sn,B]	[O,S]=C([#6])[#6]	[SH,S-]	[*]=[NH]	[*]=N[OH]	N=C=[O,S]	[Si,P,S,B][Cl,F,Br,I]	[SiH,SiH2,SiH3,SiH4,PH,PH2,PH3,SH,SH2,BH,BH2,BH3,BH4]	[Mg,Li,Zn][#6]																	
Bifunctional__Hydroxy_Aldehyde__ShouldContainAtLeastOne__-	C42	[O;+0;$(O=[CH][#6])].[#6;!$(C=O)][OH]																															
Bifunctional__Hydroxy_Aldehyde__shouldNotContain	N42	[O;$(O=[CH][#6])].[O;$(O=[CH][#6])]	[C,S,P](!@=[O,N,S])[F,Cl,Br]	[C,S,P](!@=[O,N,S])[OH]	[CX4][Cl,Br,I]	[Sn,B]	[O,S]=C([#6])[#6]	[N;$([NH]);!$(NC=[C,N,O,P,S])!$(N=[C,N,O,S])!$(N[P,S])!$(N#C)]	[SH,S-]	[*]=[NH]	[*]=N[OH]	N=C=[O,S]	[#6;!$(C=O)][OH].[#6;!$(C=O)][OH]	[Si,P,S,B][Cl,F,Br,I]	[SiH,SiH2,SiH3,SiH4,PH,PH2,PH3,SH,SH2,BH,BH2,BH3,BH4]	[Mg,Li,Zn][#6]																	
Bifunctional__NfmocAmino_Acid__ShouldContainAtLeastOne__-	C43	[N;+0]C(=O)O[CH2][CH]1c2ccccc2-c3ccccc13.[O;$([OD1]C(=O)[#6])]																															
Bifunctional__NfmocAmino_Acid__shouldNotContain	N43	[Cl,F,Br][C,P,S](=[O,S,N])[#6]	[O;$(O=[CH][#6])]	[O;$(O([CH3])C([#6])=O),$(O([CH2][CH3])C([#6])=O),$(O([CH2]c1[cH][cH][cH][cH][cH]1)C([#6])=O),$(O(C([CH3])([CH3])[CH3])C([#6])=O),$(O([CH2][CH]=[CH2])C([#6])=O)]	[N;$([N+](=O)([#6])[O-]),$(N(=O)([#6])=O)]	[N;$(NC(=O)OC([CH3])([CH3])[CH3])]	C#[CH]	[CX4][Cl,Br,I]	[N;$([NH,NH2]);!$(NC=[C,N,O,P,S])!$(N=[C,N,O,S])!$(N[P,S])!$(N#[C])]	[N;$(NC(=O)O[CH2][CH]1c2ccccc2-c3ccccc13)].[N;$(NC(=O)O[CH2][CH]1c2ccccc2-c3ccccc13)]	[O;$([OD1]C(=O)[#6])].[O;$([OD1]C(=O)[#6])]	[OD1]C(=O)C(F)(F)F.*	[OD1]C(=O)[CH3].*	[OD1]C(=O)C(=O)[OD1].*	*=[NH]	[O,S]=[C;$(C([#6])[#6])]	[O,S]=[CH;$(C[#6])]	[O,S]=[CH2]	[SH,S-]	[Sn,B]	N[OH]	N=C=[O,S]	[Si,P,S,B][Cl,F,Br,I]	[SiH,SiH2,SiH3,SiH4,PH,PH2,PH3,SH,SH2,BH,BH2,BH3,BH4]	[Mg,Li,Zn][#6]								
Bifunctional__NbocAmino_Acid__ShouldContainAtLeastOne__-	C44	[N;+0]C(=O)OC([CH3])([CH3])[CH3].[O;$(O=C([#6])[OD1])]																															
Bifunctional__NbocAmino_Acid__shouldNotContain	N44	[Cl,F,Br][C,P,S](=[O,S,N])[#6]	[#6][N;$([N+](=O)([#6])[O-]),$(N(=O)([#6])=O)]	[O;$(O=[CH][#6])]	[CX4][Cl,Br,I]	[N;$(NC(=O)O[CH2]c1[cH][cH][cH][cH][cH]1)]	[N;$(NC(=O)O[CH2][CH]1c2ccccc2-c3ccccc13)]	[N;$([NH,NH2]);!$(NC=[C,N,O,P,S])!$(N=[C,N,O,S])!$(N[P,S])!$(N#[C])]	[O;$(O=C([#6])[OD1])].[O;$(O=C([#6])[OD1])]	[N;$(NC(=O)OC([CH3])([CH3])[CH3])].[N;$(NC(=O)OC([CH3])([CH3])[CH3])]	[O;$(O([CH3])C([#6])=O),$(O([CH2][CH3])C([#6])=O),$(O([CH2]c1[cH][cH][cH][cH][cH]1)C([#6])=O),$(O(C([CH3])([CH3])[CH3])C([#6])=O),$(O([CH2][CH]=[CH2])C([#6])=O)]	C#[CH]	[OD1]C(=O)C(F)(F)F.*	[OD1]C(=O)[CH3].*	[OD1]C(=O)C(=O)[OD1].*	*=[NH]	[O,S]=[C;$(C([#6])[#6])]	[O,S]=[CH;$(C[#6])]	[O,S]=[CH2]	[SH,S-]	[Sn,B]	N[OH]	N=C=[O,S]	[Si,P,S,B][Cl,F,Br,I]	[SiH,SiH2,SiH3,SiH4,PH,PH2,PH3,SH,SH2,BH,BH2,BH3,BH4]	[Mg,Li,Zn][#6]							
Bifunctional__NcbzAmino_Acid__ShouldContainAtLeastOne__-	C45	[N;+0;$(NC(=O)O[CH2]c1[cH][cH][cH][cH][cH]1)].[O;$(O=C([#6])[OD1])]																															
Bifunctional__NcbzAmino_Acid__shouldNotContain	N45	[Cl,F,Br][C,P,S](=[O,S,N])[#6]	[O;$(O=C([#6])[OD1])].[O;$(O=C([#6])[OD1])]	[N;$(NC(=O)O[CH2]c1[cH][cH][cH][cH][cH]1)].[N;$(NC(=O)O[CH2]c1[cH][cH][cH][cH][cH]1)]	[O;$(O=[CH][#6])]	[N;$(NC(=O)OC([CH3])([CH3])[CH3])]	[N;$([NH,NH2]);!$(NC=[C,N,O,P,S])!$(N=[C,N,O,S])!$(N[P,S])!$(N#[C])]	[CX4][Cl,Br,I]	[OD1]C(=O)C(F)(F)F.*	[OD1]C(=O)[CH3].*	[OD1]C(=O)C(=O)[OD1].*	*=[NH]	[O,S]=[C;$(C([#6])[#6])]	[O,S]=[CH;$(C[#6])]	[O,S]=[CH2]	[SH,S-]	[Sn,B]	N[OH]	N=C=[O,S]	[Si,P,S,B][Cl,F,Br,I]	[SiH,SiH2,SiH3,SiH4,PH,PH2,PH3,SH,SH2,BH,BH2,BH3,BH4]	[Mg,Li,Zn][#6]											
Bifunctional__Isothiocyanates_Acid__ShouldContainAtLeastOne__-	C46	[S;$(S=C=[ND2][#6])].[O;$(O=C([#6])[OD1])]																															
Bifunctional__Isothiocyanates_Acid__shouldNotContain	N46	[S;$(S=C=[ND2][#6])].[S;$(S=C=[ND2][#6])]	[Cl,F,Br][C,P,S](=[O,S,N])[#6]	[O;$(O=C([#6])[OD1])].[O;$(O=C([#6])[OD1])]	[CX4][Cl,Br,I]	[OD1]C(=O)C(F)(F)F.*	[OD1]C(=O)[CH3].*	[OD1]C(=O)C(=O)[OD1].*	*=[NH]	[O,S]=[C;$(C([#6])[#6])]	[O,S]=[CH;$(C[#6])]	[O,S]=[CH2]	[SH,S-]	[Sn,B]	N[OH]	[Si,P,S,B][Cl,F,Br,I]	[SiH,SiH2,SiH3,SiH4,PH,PH2,PH3,SH,SH2,BH,BH2,BH3,BH4]	[Mg,Li,Zn][#6]															
Bifunctional__NTFAcAmino_Acid__ShouldContainAtLeastOne__-	C47	[N,NH;$(NC(=O)C(F)(F)F)].[O;$(O=C([#6])[OD1])]																															
Bifunctional__NTFAcAmino_Acid__shouldNotContain	N47	[Cl,F,Br][C,P,S](=[O,S,N])[#6]	[O;$(O=[CH][#6])]	[CX4][Cl,Br,I]	NC(=O)O[CH2]c1[cH][cH][cH][cH][cH]1	NC(=O)O[CH2][CH]1c2ccccc2-c3ccccc13	[N;$([NH,NH2]);!$(NC=[C,N,O,P,S])!$(N=[C,N,O,S])!$(N[P,S])!$(N#[C])]	[O;$(O=C([#6])[OD1])].[O;$(O=C([#6])[OD1])]	[N,NH;$(NC(=O)C(F)(F)F)].[N,NH;$(NC(=O)C(F)(F)F)]	[OD2]C(=O)[#6]	C#[CH]	[OD1]C(=O)C(F)(F)F.*	[OD1]C(=O)[CH3].*	[OD1]C(=O)C(=O)[OD1].*	*=[NH]	[O,S]=[C;$(C([#6])[#6])]	[O,S]=[CH;$(C[#6])]	[O,S]=[CH2]	[SH,S-]	[Sn,B]	N[OH]	N=C=[O,S]	[Si,P,S,B][Cl,F,Br,I]	[SiH,SiH2,SiH3,SiH4,PH,PH2,PH3,SH,SH2,BH,BH2,BH3,BH4]	[Mg,Li,Zn][#6]								
Bifunctional__Acid_Nitro__ShouldContainAtLeastOne__-	C48	[#6][N;$([N+](=O)([#6])[O-]),$(N(=O)([#6])=O)].[OD1]C(=O)[#6]																															
Bifunctional__Acid_Nitro__shouldNotContain	N48	[Cl,F,Br][C,P,S](=[O,S,N])[#6]	[Cl,Br,I;$(Clc1[c,n][c,n]n[c,n][c,n]1),$(Clc1[n][c,n][n,c][c,n][c,n]1),$(Clc1[n]aa[a;!c]1),$([I,Br]c)].[O;$([OD1]C(=O)[#6])]	NC(=O)OC([CH3])([CH3])[CH3]	[O;$(O=[CH][#6])]	[CX4][Cl,Br,I]	[O;$(O([CH3])C([#6])=O),$(O([CH2][CH3])C([#6])=O),$(O([CH2]c1[cH][cH][cH][cH][cH]1)C([#6])=O),$(O(C([CH3])([CH3])[CH3])C([#6])=O),$(O([CH2][CH]=[CH2])C([#6])=O)]	[N;$(NC(=O)O[CH2][CH]1c2ccccc2-c3ccccc13)]	c[Br,I]	[N;$([NH,NH2]);!$(NC=[C,N,O,P,S])!$(N=[C,N,O,S])!$(N[P,S])!$(N#[C])]	C[Cl,Br,I]	[OD1]C(=O)[#6].[OD1]C(=O)[#6]	N=O.N=O	[OD1]C(=O)C(F)(F)F.*	[OD1]C(=O)[CH3].*	[OD1]C(=O)C(=O)[OD1].*	*=[NH]	[O,S]=[C;$(C([#6])[#6])]	[O,S]=[CH;$(C[#6])]	[O,S]=[CH2]	[SH,S-]	[Sn,B]	N[OH]	N=C=[O,S]	[Si,P,S,B][Cl,F,Br,I]	[SiH,SiH2,SiH3,SiH4,PH,PH2,PH3,SH,SH2,BH,BH2,BH3,BH4]	[Mg,Li,Zn][#6]						
Bifunctional__NbnDi_Amines__ShouldContainAtLeastOne__-	C49	[ND3;+0;$(N[CH2]c1[cH][cH][cH][cH][cH]1);!$(N[C,S,P]=[O,S,N])].[$([NH2;+0][c,CX4]),$([NH;+0]([c,CX4])[CX4])]																															
Bifunctional__NbnDi_Amines__shouldNotContain	N49	[C,S,P;!$(S(=O)(=O)F)](!@=[O,N,S])[F,Cl,Br]	[C,S,P](!@=[O,N,S])[OH]	[CH2]1[CH2][CH2][CH]([CH2][CH2]1)[NH][CH]1[CH2][CH2][CH2][CH2][CH2]1.*	[OD2]C(=O)[#6]	[N;$([NH,NH2]([#6,#7,O]));!$(N=*)!$(N[CX3,CX2,P,S])].[N;$([NH,NH2]([#6,#7,O]));!$(N=*)!$(N[CX3,CX2,P,S])]	NC(=O)O[$([CD4]),$([CH2]c),$([CH2][CHR](c)c)]	[CX4][Cl,Br,I]	[Si,P,S,B][Cl,F,Br,I]	[SiH,SiH2,SiH3,SiH4,PH,PH2,PH3,SH,SH2,BH,BH2,BH3,BH4]	[Mg,Li,Zn][#6]																						
Bifunctional__NbocDi_Amines__ShouldContainAtLeastOne	C50	[N;+0]C(=O)OC([CD1])([CD1])[CD1].[NX3;+0;$([NH2][c,CX4]),$([NH]([c,CX4])[CX4])]	[NX3;+0;$([NHR0]([CX4,c])!@[ND3R]),$([NH2R0]!@[ND3R]),$([NR]@[NHR]@[CX4,c]),$([NH]([CX4])[OD2]),$([NH2][OD2])].[OD1;$(O=C(N)OC([CH3])([CH3])[CH3])]																														
Bifunctional__NbocDi_Amines__shouldNotContain	N50	[Cl,F,Br][C,P,S]=[O,S,N]	[CH2]1[CH2][CH2][CH]([CH2][CH2]1)[NH][CH]1[CH2][CH2][CH2][CH2][CH2]1.*	NC(=O)O[CH2][CH]1c2ccccc2-c3ccccc13	[N;$([NH]);!$(NC=[C,N,O,P,S])!$(N=[C,N,O,S])!$(N[P,S])!$(NC#N)].[N;$([NH]);!$(NC=[C,N,O,P,S])!$(N=[C,N,O,S])!$(N[P,S])!$(NC#N)]	NC(=O)OC([CD1])([CD1])[CD1].NC(=O)OC([CD1])([CD1])[CD1]	[CX4][Cl,Br,I]	O=C([#6])O	[Sn,B]	[O,S]=[C;$(C([#6])[#6])]	[O,S]=[CH;$(C[#6])]	[O,S]=[CH2]	[SH,S-]	N[OH]	*=[NH]	[Or3]	N=C=[O,S]	[Si,P,S,B][Cl,F,Br,I]	[SiH,SiH2,SiH3,SiH4,PH,PH2,PH3,SH,SH2,BH,BH2,BH3,BH4]	[Mg,Li,Zn][#6]													
Bifunctional__NfmocDi_Amines__ShouldContainAtLeastOne	C51	[N;+0]C(=O)O[CH2][CH]1c2ccccc2-c3ccccc13.[NX3;+0;$([NH2][c,CX4]),$([NH]([c,CX4])[CX4])]	[NX3;+0;$([NHR0]([CX4,c])!@[ND3R]),$([NH2R0]!@[ND3R]),$([NR]@[NHR]@[CX4,c]),$([NH]([CX4])[OD2]),$([NH2][OD2])].[OD1;$(O=C(N)O[CH2][CH]1c2ccccc2-c3ccccc13)]																														
Bifunctional__NfmocDi_Amines__shouldNotContain	N51	NC(=O)O[CH2][CH]1c2ccccc2-c3ccccc13.NC(=O)O[CH2][CH]1c2ccccc2-c3ccccc13	[Cl,F,Br][C,P,S](=[O,S,N])[#6]	[CH2]1[CH2][CH2][CH]([CH2][CH2]1)[NH][CH]1[CH2][CH2][CH2][CH2][CH2]1.*	[N;$([NH]);!$(NC=[C,N,O,P,S])!$(N=[C,N,O,S])!$(N[P,S])!$(NC#N)].[N;$([NH]);!$(NC=[C,N,O,P,S])!$(N=[C,N,O,S])!$(N[P,S])!$(NC#N)]	[CX4][Cl,Br,I]	O=C([#6])O	[Sn,B]	[O,S]=[C;$(C([#6])[#6])]	[O,S]=[CH;$(C[#6])]	[O,S]=[CH2]	[SH,S-]	N[OH]	*=[NH]	[Or3]	N=C=[O,S]	[Si,P,S,B][Cl,F,Br,I]	[SiH,SiH2,SiH3,SiH4,PH,PH2,PH3,SH,SH2,BH,BH2,BH3,BH4]	[Mg,Li,Zn][#6]														
Bifunctional__NcbzDi_Amines__ShouldContainAtLeastOne	C52	[N;+0]C(=O)O[CH2]c1[cH][cH][cH][cH][cH]1.[NX3;+0;$([NH2][c,CX4]),$([NH]([c,CX4])[CX4])]	[NX3;+0;$([NHR0]([CX4,c])!@[ND3R]),$([NH2R0]!@[ND3R]),$([NR]@[NHR]@[CX4,c]),$([NH]([CX4])[OD2]),$([NH2][OD2])].[OD1;$(O=C(N)O[CH2]c1[cH][cH][cH][cH][cH]1)]																														
Bifunctional__NcbzDi_Amines__shouldNotContain	N52	[Cl,F,Br][C,P,S](=[O,S,N])[#6]	[CH2]1[CH2][CH2][CH]([CH2][CH2]1)[NH][CH]1[CH2][CH2][CH2][CH2][CH2]1.*	NC(=O)O[CH2][CH]1c2ccccc2-c3ccccc13	NC(=O)OC([CD1])([CD1])[CD1]	[N;$([NH]);!$(NC=[C,N,O,P,S])!$(N=[C,N,O,S])!$(N[P,S])!$(NC#N)].[N;$([NH]);!$(NC=[C,N,O,P,S])!$(N=[C,N,O,S])!$(N[P,S])!$(NC#N)]	[N;$(NC(=O)O[CH2]c1[cH][cH][cH][cH][cH]1)].[N;$(NC(=O)O[CH2]c1[cH][cH][cH][cH][cH]1)]	[CX4][Cl,Br,I]	[Sn,B]	[O,S]=[C;$(C([#6])[#6])]	[O,S]=[CH;$(C[#6])]	[O,S]=[CH2]	[SH,S-]	N[OH]	*=[NH]	[Or3]	N=C=[O,S]	[Si,P,S,B][Cl,F,Br,I]	[SiH,SiH2,SiH3,SiH4,PH,PH2,PH3,SH,SH2,BH,BH2,BH3,BH4]	[Mg,Li,Zn][#6]													
Bifunctional__Di_Amines_NotherCarbamates__ShouldContainAtLeastOne__-	C53	[NH,NH2;+0;!$(N=*)!$(N[#7,CX3,CX2,P,S])].[N;+0]C(=O)[O;$(O[CD1]),$(O[CH2][CD1]),$(O[CH2]C(F)(F)F),$(O[CH2][CH]=[CH2])]																															
Bifunctional__Di_Amines_NotherCarbamates__shouldNotContain	N53	[C,S,P;!$(S(=O)(=O)F)](!@=[O,N,S])[F,Cl,Br]	[C,S,P;!$([C,S]C(F)(F)F);!$(C[CH3]);!$(CC(=O)[OD1])](!@=[O,N,S])[OH]	[N;$([NH,NH2]([#6,#7,O]));!$(N=*)!$(N[CX3,CX2,P,S])].[N;$([NH,NH2]([#6,#7,O]));!$(N=*)!$(N[CX3,CX2,P,S])]	NC(=O)O[#6].NC(=O)O[#6]	[CH2]1[CH2][CH2][CH]([CH2][CH2]1)[NH][CH]1[CH2][CH2][CH2][CH2][CH2]1.*	[CX4][Cl,Br,I]	[Si,P,S,B][Cl,F,Br,I]	[SiH,SiH2,SiH3,SiH4,PH,PH2,PH3,SH,SH2,BH,BH2,BH3,BH4]	[Mg,Li,Zn][#6]																							
Bifunctional__NTFAcDi_Amines__ShouldContainAtLeastOne__-	C54	[NH,NH2;+0;!$(N=*)!$(N[#7,CX3,CX2,P,S])].[N,NH;+0;$(NC(=O)C(F)(F)F)]																															
Bifunctional__NTFAcDi_Amines__shouldNotContain	N54	[C,S,P;!$(S(=O)(=O)F)](!@=[O,N,S])[F,Cl,Br]	[C,S,P;!$([C,S]C(F)(F)F);!$(C[CH3]);!$(CC(=O)[OD1])](!@=[O,N,S])[OH]	[#6,O,S,N;!$(C(F)(F)F);!$(C(=O)[OD1])][CH,SH,PH]=[O,S,N]	[N;$([NH,NH2]([#6,#7,O]));!$(N=*)!$(N[CX3,CX2,P,S])].[N;$([NH,NH2]([#6,#7,O]));!$(N=*)!$(N[CX3,CX2,P,S])]	N[C;$(C[CD1]),$(CC(F)(F)F),$(Cc1[cH][cH][cH][cH][cH]1)]=O.N[C;$(C[CD1]),$(CC(F)(F)F),$(Cc1[cH][cH][cH][cH][cH]1)]=O	[CX4][Cl,Br,I]	[CH2]1[CH2][CH2][CH]([CH2][CH2]1)[NH][CH]1[CH2][CH2][CH2][CH2][CH2]1.*	[Sn,B]	[O,S]=[C;$(C([#6])[#6])]	[O,S]=[CH;$(C[#6])]	[O,S]=[CH2]	[SH,S-]	N[OH]	*=[NH]	[Or3]	N=C=[O,S]	[Si,P,S,B][Cl,F,Br,I]	[SiH,SiH2,SiH3,SiH4,PH,PH2,PH3,SH,SH2,BH,BH2,BH3,BH4]	[Mg,Li,Zn][#6]													
Bifunctional__Boronics_Ncbz__ShouldContainAtLeastOne__-	C55	[#6][B;$(B(F)(F)F),$(B(O)O)].[N;$(NC(=O)O[CH2]c1[cH][cH][cH][cH][cH]1)]																															
Bifunctional__Boronics_Ncbz__shouldNotContain	N55	[C,S,P](!@=[O,N,S])[F,Cl,Br]	[CX4][Cl,Br,I]	[Si,P,S,B;!$(BF)][Cl,F,Br,I]	[SiH,SiH2,SiH3,SiH4,PH,PH2,PH3,SH,SH2,BH,BH2,BH3,BH4]	[Mg,Li,Zn][#6]																											
Bifunctional__Boronics_Nfmoc__ShouldContainAtLeastOne__-	C56	[#6][B;$(B(F)(F)F),$(B(O)O)].[N;$(NC(=O)O[CH2][CH]1c2ccccc2-c3ccccc13)]																															
Bifunctional__Boronics_Nfmoc__shouldNotContain	N56	[C,S,P](!@=[O,N,S])[F,Cl,Br]	[CX4][Cl,Br,I]	[Si,P,S,B;!$(BF)][Cl,F,Br,I]	[SiH,SiH2,SiH3,SiH4,PH,PH2,PH3,SH,SH2,BH,BH2,BH3,BH4]	[Mg,Li,Zn][#6]																											
Bifunctional__Boronics_Acid__ShouldContainAtLeastOne__-	C57	[#6][B;$(B(F)(F)F),$(B(O)O)].[OH]C(=O)[#6]																															
Bifunctional__Boronics_Acid__shouldNotContain	N57	[C,S,P](!@=[O,N,S])[F,Cl,Br]	[CX4][Cl,Br,I]	[OD1]C(=O)C(F)(F)F.*	[OD1]C(=O)[CH3].*	[OD1]C(=O)C(=O)[OD1].*	[N;$([NH,NH2]);!$(NC=[C,N,O,P,S])!$(N=[C,N,O,S])!$(N[P,S])!$(N#[C])]	*=[NH]	[O,S]=[C;$(C([#6])[#6])]	[O,S]=[CH;$(C[#6])]	[O,S]=[CH2]	[SH,S-]	N[OH]	N=C=[O,S]	[Si,P,S,B;!$(BF)][Cl,F,Br,I]	[SiH,SiH2,SiH3,SiH4,PH,PH2,PH3,SH,SH2,BH,BH2,BH3,BH4]	[Mg,Li,Zn][#6]																
Bifunctional__Boronics_Aldehyde__ShouldContainAtLeastOne__-	C58	[#6][B;$(B(F)(F)F),$(B(O)O)].[O;$(O=[CH][#6])]																															
Bifunctional__Boronics_Aldehyde__shouldNotContain	N58	[C,S,P](!@=[O,N,S])[F,Cl,Br]	[C,S,P](!@=[O,N,S])[OH]	[CX4][Cl,Br,I]	[O;$(O=[CH][#6])].[O;$(O=[CH][#6])]	[O,S]=C([#6])[#6]	[N;$([NH]);!$(NC=[C,N,O,P,S])!$(N=[C,N,O,S])!$(N[P,S])!$(N#C)]	[SH,S-]	[*]=[NH]	[*]=N[OH]	N=C=[O,S]	[Si,P,S,B;!$(BF)][Cl,F,Br,I]	[SiH,SiH2,SiH3,SiH4,PH,PH2,PH3,SH,SH2,BH,BH2,BH3,BH4]	[Mg,Li,Zn][#6]																			
Bifunctional__Amine_Ester__ShouldContainAtLeastOne	C59	[NX3;+0;$([NH2][c,CX4]),$([NH]([c,CX4])[CX4])].[#6]C(=O)[O;$(O[CH3]),$(O[CH2][CH3]),$(OC([CD1])([CD1])[CD1]),$(O[CH2]c1[cH][cH][cH][cH][cH]1),$(O(C([CH3])([CH3])[CH3])C([#6])=O),$(O([CH2][CH]=[CH2])C([#6])=O)]	[NX3;+0;$([NHR0]([CX4,c])!@[ND3R]),$([NH2R0]!@[ND3R]),$([NR]@[NHR]@[CX4,c]),$([NHR]([CX4,c])@[O]),$([NH2][O])].[O;$(O([CH3])C([#6])=O),$(O([CH2][CH3])C([#6])=O),$(O([CH2]c1[cH][cH][cH][cH][cH]1)C([#6])=O),$(O(C([CH3])([CH3])[CH3])C([#6])=O),$(O([CH2][CH]=[CH2])C([#6])=O)]																														
Bifunctional__Amine_Ester__shouldNotContain	N59	[N;$(NC(=O)OC([CH3])([CH3])[CH3])]	[N;$(NC(=O)O[CH2][CH]1c2ccccc2-c3ccccc13)]	NC(=O)O[CH2]c1[cH][cH][cH][cH][cH]1	[N;$([NH,NH2]);!$(NC=[N,O,S,P,C])!$(N=[C,N,O])!$(N[#7,O,S,P])!$(N#[C])].[N;$([NH,NH2]);!$(NC=[N,O,S,P,C])!$(N=[C,N,O])!$(N[S,P])!$(N#[C])]	[C,S,P](!@=[O,N,S])[OH]	[C,S,P;!$(S(=O)(=O)F)](!@=[O,N,S])[F,Cl,Br]	[CH,CH2,SH,PH](!@=[O,N,S])	[O;$(O([#6])C([#6])=O)].[O;$(O([#6])C([#6])=O)]	N=O	[CX4][Cl,Br,I]	[O,S]=[C;$(C([#6])[#6])]	[O,S]=[CH;$(C[#6])]	[O,S]=[CH2]	[SH,S-]	[Sn,B]	N[OH]	N=C=[O,S]	[N-]=[N+]=N	[Or3]	[Si,P,S,B][Cl,F,Br,I]	[SiH,SiH2,SiH3,SiH4,PH,PH2,PH3,SH,SH2,BH,BH2,BH3,BH4]	[Mg,Li,Zn][#6]										
Bifunctional__Ester_Isocyanates__ShouldContainAtLeastOne__-	C60	[N;$(N[#6])]=C=O.[O;$(O[CD1]),$(O[CH2][CD1]),$(O[CH2]c1[cH][cH][cH][cH][cH]1),$(OC([CD1])([CD1])[CD1]),$(O[CH2][CH]=[CH2])]C(=O)[#6]																															
Bifunctional__Ester_Isocyanates__shouldNotContain	N60	[O;$(O([#6])C([#6])=O)].[O;$(O([#6])C([#6])=O)]	O=C=N[#6].[O,S]=C=N[#6]	[N;$([NH,NH2]);!$(NC=[C,N,O,P,S])!$(N=[C,N,O,S])!$(N[P,S])!$(N#[C])]	N=C=O.N=C=O	[OH,O-]c	[SH,S-]	[CX4][Cl,Br,I]	[O,S]=[C;$(C([#6])[#6])]	[O,S]=[CH;$(C[#6])]	[O,S]=[CH2]	[SH,S-]	[Sn,B]	N[OH]	N=C=S	[N-]=[N+]=N	[C,S,P](!@=[O,N,S])[F,Cl,Br]	[C,S,P](!@=[O,N,S])[OH]	[Si,P,S,B][Cl,F,Br,I]	[SiH,SiH2,SiH3,SiH4,PH,PH2,PH3,SH,SH2,BH,BH2,BH3,BH4]	[Mg,Li,Zn][#6]												
Bifunctional__Ester_SO2X__ShouldContainAtLeastOne__-	C61	[F,Br,Cl]S(=O)=O.[O;$(O([CH3])C([#6])=O),$(O([CH2][CH3])C([#6])=O),$(O([CH2]c1[cH][cH][cH][cH][cH]1)C([#6])=O),$(O(C([CH3])([CH3])[CH3])C([#6])=O),$(O([CH2][CH]=[CH2])C([#6])=O)]																															
Bifunctional__Ester_SO2X__shouldNotContain	N61	[O;$(O([#6])C([#6])=O)].[O;$(O([#6])C([#6])=O)]	[CX4][Cl,Br,I]	[O,S]=[C;$(C([#6])[#6])]	[O,S]=[CH;$(C[#6])]	[O,S]=[CH2]	[SH,S-]	[Sn,B]	N[OH]	N=C=[O,S]	[N-]=[N+]=N	[F,Br,Cl]S(=O)=O.[C,S,P](!@=[O,N,S])[F,Cl,Br]	[C,S,P](!@=[O,N,S])[OH]	[F,Cl,Br]S(=O)=O.[Si,P,S,B][Cl,F,Br,I]	[F,Cl,Br]S(=O)=O.[SiH,SiH2,SiH3,SiH4,PH,PH2,PH3,SH,SH2,BH,BH2,BH3,BH4]	[Mg,Li,Zn][#6]																	
Boronics__Aromatic_boronates__ShouldContainAtLeastOne	C62	[c]B([O;!$(OC=O)])[O;!$(OC=O)]	[c]B([$(F),$(OC=O)])[$(F),$(OC=O)]	[c][B-](O)(O)(O)																													
Boronics__Aromatic_boronates__shouldNotContain	N62	[Si,P,S][Cl,F,Br,I]	[SiH,SiH2,SiH3,SiH4,PH,PH2,PH3,SH,SH2]	[Mg,Li,Zn][#6]																													
Boronics__Ene_boronates__ShouldContainAtLeastOne	C63	C=CB([O;!$(OC=O)])[O;!$(OC=O)]	C=CB([$(F),$(OC=O)])[$(F),$(OC=O)]	C=C[B-](O)(O)(O)																													
Boronics__Ene_boronates__shouldNotContain	N63	[Si,P,S,B;!$(BF)][Cl,F,Br,I]	[SiH,SiH2,SiH3,SiH4,PH,PH2,PH3,SH,SH2]	[Mg,Li,Zn][#6]																													
Boronics__Aliphatic_boronates__ShouldContainAtLeastOne	C64	[C]B([O;!$(OC=O)])[O;!$(OC=O)]	[C]B([$(F),$(OC=O)])[$(F),$(OC=O)]	[C][B-](O)(O)(O)																													
Boronics__Aliphatic_boronates__shouldNotContain	N64	C=CB([O;!$(OC=O)])[O;!$(OC=O)]	C=CB([$(F),$(OC=O)])[$(F),$(OC=O)]	C=C[B-](O)(O)(O)	C#CB([O;!$(OC=O)])[O;!$(OC=O)]	C#CB([$(F),$(OC=O)])[$(F),$(OC=O)]	C#C[B-](O)(O)(O)	[Si,P,S,B;!$(BF)][Cl,F,Br,I]	[SiH,SiH2,SiH3,SiH4,PH,PH2,PH3,SH,SH2]	[Mg,Li,Zn][#6]																							
Boronics__BF3andMIDA__ShouldContainAtLeastOne	C65	[#6]B([$(F),$(OC=O)])[$(F),$(OC=O)]	[#6][B-](O)(O)(O)																														
Boronics__BF3andMIDA__shouldNotContain	N65	C=CB([O;!$(OC=O)])[O;!$(OC=O)]	C=CB([$(F),$(OC=O)])[$(F),$(OC=O)]	C=C[B-](O)(O)(O)	C#CB([O;!$(OC=O)])[O;!$(OC=O)]	C#CB([$(F),$(OC=O)])[$(F),$(OC=O)]	C#C[B-](O)(O)(O)	[Si,P,S,B;!$(BF)][Cl,F,Br,I]	[SiH,SiH2,SiH3,SiH4,PH,PH2,PH3,SH,SH2]	[Mg,Li,Zn][#6]																							
Boronics__Ine_boronates__ShouldContainAtLeastOne	C66	C#CB([O;!$(OC=O)])[O;!$(OC=O)]	C#CB([$(F),$(OC=O)])[$(F),$(OC=O)]	C#C[B-](O)(O)(O)																													
Boronics__Ine_boronates__shouldNotContain	N66	[Si,P,S,B;!$(BF)][Cl,F,Br,I]	[SiH,SiH2,SiH3,SiH4,PH,PH2,PH3,SH,SH2]	[Mg,Li,Zn][#6]																													
Esters__Esters__ShouldContainAtLeastOne__-	C67	[CX4,c][O!R]C(=O)[#6]																															
Esters__Esters__shouldNotContain	N67	[C,S,P](!@=[O,N,S])[F,Cl,Br]	[C,S,P](!@=[O,N,S])[OH]	[CX4,c][O!R]C(=O)[#6].[CX4,c][O!R]C(=O)[#6]	[N;$([NH,NH2]);!$(NC=[N,O,P,S])!$(N=[N,O,S])!$(N[P,S])!$(N#C)]	[O;$(O(C=O)C)]C(=O)C(=O)O[$([C;D1]),$([C;D2][C;D1])]	[O,S]=[C;$(C([#6])[#6])]	[O,S]=[CH;$(C[#6])]	[O,S]=[CH2]	[SH,S-]	[Sn,B]	N[OH]	N=C=[O,S]	[N-]=[N+]=N	[Cl,Br,I][CX4]	[Si,P,S,B][Cl,F,Br,I]	[SiH,SiH2,SiH3,SiH4,PH,PH2,PH3,SH,SH2,BH,BH2,BH3,BH4]	[Mg,Li,Zn][#6]															
Esters__PoliEsters__ShouldContainAtLeastOne__-	C68	[CX4,c][O!R]C(=O)[#6].[CX4,c][O!R]C(=O)[#6]																															
Esters__PoliEsters__shouldNotContain	N68	[C,S,P](!@=[O,N,S])[F,Cl,Br]	[C,S,P](!@=[O,N,S])[OH]	[N;$([NH,NH2]);!$(NC=[N,O,P,S])!$(N=[N,O,S])!$(N[P,S])!$(N#C)]	[O;$(O(C=O)C)]C(=O)C(=O)O[$([C;D1]),$([C;D2][C;D1])]	[O,S]=[C;$(C([#6])[#6])]	[O,S]=[CH;$(C[#6])]	[O,S]=[CH2]	[SH,S-]	[Sn,B]	N[OH]	N=C=[O,S]	[N-]=[N+]=N	[Cl,Br,I][CX4]	[Si,P,S,B][Cl,F,Br,I]	[SiH,SiH2,SiH3,SiH4,PH,PH2,PH3,SH,SH2,BH,BH2,BH3,BH4]	[Mg,Li,Zn][#6]																
ElementOrganics__EnylSiR3__ShouldContainAtLeastOne__-	C69	C=C[Si]([CX4,F,Cl,O])([CX4,F,Cl,O])[CX4,F,Cl,O]																															
ElementOrganics__EnylSiR3__shouldNotContain	N69	[C,S,P](!@=[O,N,S])[F,Cl,Br]	[C,S,P;!$([C,S]C(F)(F)F);!$(C[CH3]);!$(CC(=O)[OD1])](!@=[O,N,S])[OH]	[Cl,Br,I][CX4]	N=C=[O,S]	[Or3]	[#6]!@#N[*]	[C-]#[N+][*]	[P,S,B;Si][Cl,F,Br,I]	[PH,PH2,PH3,SH,SH2,BH,BH2,BH3,BH4]	[Mg,Li,Zn][#6]																						
ElementOrganics__EnylSnAlk3__ShouldContainAtLeastOne__-	C70	C=C[Sn]([CX4])([CX4])[CX4]																															
ElementOrganics__EnylSnAlk3__shouldNotContain	N70	[C,S,P](!@=[O,N,S])[F,Cl,Br]	[C,S,P;!$([C,S]C(F)(F)F);!$(C[CH3]);!$(CC(=O)[OD1])](!@=[O,N,S])[OH]	[Cl,Br,I][CX4]	N=C=[O,S]	[Or3]	[#6]!@#N[*]	[C-]#[N+][*]	[Si,P,S,B][Cl,F,Br,I]	[SiH,SiH2,SiH3,SiH4,PH,PH2,PH3,SH,SH2,BH,BH2,BH3,BH4]	[Mg,Li,Zn][#6]																						
ElementOrganics__ArAcylTMS__ShouldContainAtLeastOne__-	C71	cC(=O)[Si]([CD1])([CD1])[CD1]																															
ElementOrganics__ArAcylTMS__shouldNotContain	N71	[C,S,P](!@=[O,N,S])[F,Cl,Br]	[C,S,P;!$([C,S]C(F)(F)F);!$(C[CH3]);!$(CC(=O)[OD1])](!@=[O,N,S])[OH]	[Cl,Br,I][CX4]	[N;$([NH,NH2]);!$(NC=[C,N,O,P,S])!$(N=[C,N,O,S])!$(N[P,S])!$(N#[C])]	N=C=[O,S]	[Or3]	[#6]!@#N[*]	[C-]#[N+][*]	C#[CH]	[OH,O-]c	[nH]																					
ElementOrganics__ArSiR3__ShouldContainAtLeastOne__-	C72	c[Si]([CX4,F,Cl,O])([CX4,F,Cl,O])[CX4,F,Cl,O]																															
ElementOrganics__ArSiR3__shouldNotContain	N72	[C,S,P](!@=[O,N,S])[F,Cl,Br]	[C,S,P;!$([C,S]C(F)(F)F);!$(C[CH3]);!$(CC(=O)[OD1])](!@=[O,N,S])[OH]	[Cl,Br,I][CX4]	N=C=[O,S]	[Or3]	[#6]!@#N[*]	[C-]#[N+][*]	[P,S,B][Cl,F,Br,I]	[PH,PH2,PH3,SH,SH2,BH,BH2,BH3,BH4]	[Mg,Li,Zn][#6]																						
ElementOrganics__ArSnAlk3__ShouldContainAtLeastOne__-	C73	c[Sn]([CX4])([CX4])[CX4]																															
ElementOrganics__ArSnAlk3__shouldNotContain	N73	[C,S,P](!@=[O,N,S])[F,Cl,Br]	[C,S,P;!$([C,S]C(F)(F)F);!$(C[CH3]);!$(CC(=O)[OD1])](!@=[O,N,S])[OH]	[Cl,Br,I][CX4]	N=C=[O,S]	[Or3]	[#6]!@#N[*]	[C-]#[N+][*]	[Si,P,S,B][Cl,F,Br,I]	[SiH,SiH2,SiH3,SiH4,PH,PH2,PH3,SH,SH2,BH,BH2,BH3,BH4]	[Mg,Li,Zn][#6]																						
Ketones__Ketones__ShouldContainAtLeastOne__-	C74	O=C([#6])[#6]																															
Ketones__Ketones__shouldNotContain	N74	[C,S,P](!@=[O,N,S])[F,Cl,Br]	[C,S,P;!$([C,S]C(F)(F)F);!$(C[CH3]);!$(CC(=O)[OD1])](!@=[O,N,S])[OH]	[CX4,c]O[PD4](=O)(O[CX4,c])[CH,CH2;X4][$([C,S](=O)O[CX4,c]),$(C([CX4])(=O)[CX4,c]),$(C#N),$(S(=O)[N,O]),$([ND3]=O)]	[CX4][Cl,Br,I]	O=C1CC1	[Sn,B]	[NH2;!$(N=*)!$(N[CX3,CX2,P,S])]	[SH,S-]	N=C=[O,S]	[*]=[NH]	[*]=N[OH]	O=[C;$(C([#6])[#6])].O=[C;$(C([#6])[#6])]	O=[C;$(C([#6])[#6])].O=[CH;$(C[#6])]	[Si,P,S,B][Cl,F,Br,I]	[SiH,SiH2,SiH3,SiH4,PH,PH2,PH3,SH,SH2,BH,BH2,BH3,BH4]	[Mg,Li,Zn][#6]																
nHAzoles__nHAzoles__ShouldContainAtLeastOne__-	C75	[nHr5;!$(nc=O)]																															
nHAzoles__nHAzoles__shouldNotContain	N75	[C,S,P](!@=[O,N,S])[F,Cl,Br]	[C,S,P;!$([C,S]C(F)(F)F);!$(C[CH3]);!$(CC(=O)[OD1])](!@=[O,N,S])[OH]	[Cl,Br,I][CX4]	[Sn,B]	[SH,S-]	N=C=[O,S]	[Or3]	[#6][N+]#[C-]	[OH]C[OD2!R]	[Si,P,S,B][Cl,F,Br,I]	[SiH,SiH2,SiH3,SiH4,PH,PH2,PH3,SH,SH2,BH,BH2,BH3,BH4]	[Mg,Li,Zn][#6]	[OH]C=[#6]	[nHr5].[nHr5]																		
PrimaryAmines__PriAmines_Het-benzylic__ShouldContainAtLeastOne__-	C76	[NH2;+0][CX4;!$(C[OH,SH])][a!$(c1ccccc1)]																															
PrimaryAmines__PriAmines_Het-benzylic__shouldNotContain	N76	[C,S,P;!$(S(=O)(=O)F)](!@=[O,N,S])[F,Cl,Br]	[C,S,P;!$([C,S]C(F)(F)F);!$(C[CH3]);!$(CC(=O)[OD1])](!@=[O,N,S])[OH]	[CX4][Cl,Br,I]	[NH2].[N;$([NH,NH2]([#6,#7,O]));!$(N=*)!$(N[CX3,CX2,P,S])]	[Sn,B]	[O,S]=[C;$(C([#6])[#6])]	[O,S]=[CH;$(C[#6])]	[O,S]=[CH2]	[SH,S-]	N[OH]	*=[NH]	[Or3]	N=C=[O,S]	[Si,P,S,B][Cl,F,Br,I]	[SiH,SiH2,SiH3,SiH4,PH,PH2,PH3,SH,SH2,BH,BH2,BH3,BH4]	[Mg,Li,Zn][#6]																
PrimaryAmines__PriAmines_Het-Anilines__ShouldContainAtLeastOne__-	C77	[NH2;+0][a;!$(c1ccccc1)]																															
PrimaryAmines__PriAmines_Het-Anilines__shouldNotContain	N77	[C,S,P;!$(S(=O)(=O)F)](!@=[O,N,S])[F,Cl,Br]	[C,S,P;!$([C,S]C(F)(F)F);!$(C[CH3]);!$(CC(=O)[OD1])](!@=[O,N,S])[OH]	[CX4][Cl,Br,I]	[Sn,B]	[O,S]=[C;$(C([#6])[#6])]	[O,S]=[CH;$(C[#6])]	[O,S]=[CH2]	[NH2].[N;$([NH,NH2]([#6,#7,O]));!$(N=*)!$(N[CX3,CX2,P,S])]	[SH,S-]	N[OH]	*=[NH]	[Or3]	N=C=[O,S]	[Si,P,S,B][Cl,F,Br,I]	[SiH,SiH2,SiH3,SiH4,PH,PH2,PH3,SH,SH2,BH,BH2,BH3,BH4]	[Mg,Li,Zn][#6]																
PrimaryAmines__PriAmines_Benzylic__ShouldContainAtLeastOne__-	C78	[NH2;+0][CX4;!$(C[OH,SH])]c1ccccc1																															
PrimaryAmines__PriAmines_Benzylic__shouldNotContain	N78	[C,S,P;!$(S(=O)(=O)F)](!@=[O,N,S])[F,Cl,Br]	[C,S,P;!$([C,S]C(F)(F)F);!$(C[CH3]);!$(CC(=O)[OD1])](!@=[O,N,S])[OH]	[CX4][Cl,Br,I]	[Sn,B]	[O,S]=[C;$(C([#6])[#6])]	[O,S]=[CH;$(C[#6])]	[O,S]=[CH2]	[NH2].[N;$([NH,NH2]([#6,#7,O]));!$(N=*)!$(N[CX3,CX2,P,S])]	[SH,S-]	N[OH]	*=[NH]	[Or3]	N=C=[O,S]	[Si,P,S,B][Cl,F,Br,I]	[SiH,SiH2,SiH3,SiH4,PH,PH2,PH3,SH,SH2,BH,BH2,BH3,BH4]	[Mg,Li,Zn][#6]																
PrimaryAmines__PriAmines_Anilines__ShouldContainAtLeastOne__-	C79	[NH2;+0]c1ccccc1																															
PrimaryAmines__PriAmines_Anilines__shouldNotContain	N79	[C,S,P;!$(S(=O)(=O)F)](!@=[O,N,S])[F,Cl,Br]	[C,S,P;!$([C,S]C(F)(F)F);!$(C[CH3]);!$(CC(=O)[OD1])](!@=[O,N,S])[OH]	[CX4][Cl,Br,I]	[Sn,B]	[O,S]=[C;$(C([#6])[#6])]	[O,S]=[CH;$(C[#6])]	[O,S]=[CH2]	[NH2].[N;$([NH,NH2]([#6,#7,O]));!$(N=*)!$(N[CX3,CX2,P,S])]	[SH,S-]	N[OH]	*=[NH]	[Or3]	N=C=[O,S]	[Si,P,S,B][Cl,F,Br,I]	[SiH,SiH2,SiH3,SiH4,PH,PH2,PH3,SH,SH2,BH,BH2,BH3,BH4]	[Mg,Li,Zn][#6]																
PrimaryAmines__PriAmines_Aliphatic__ShouldContainAtLeastOne__-	C80	[NH2;+0][CX4;!$(C[OH,SH])]																															
PrimaryAmines__PriAmines_Aliphatic__shouldNotContain	N80	[C,S,P;!$(S(=O)(=O)F)](!@=[O,N,S])[F,Cl,Br]	[C,S,P;!$([C,S]C(F)(F)F);!$(C[CH3]);!$(CC(=O)[OD1])](!@=[O,N,S])[OH]	[CX4][Cl,Br,I]	[Sn,B]	[O,S]=[C;$(C([#6])[#6])]	[O,S]=[CH;$(C[#6])]	[O,S]=[CH2]	[NH2].[N;$([NH,NH2]([#6,#7,O]));!$(N=*)!$(N[CX3,CX2,P,S])]	[SH,S-]	N[OH]	*=[NH]	[Or3]	N=C=[O,S]	[Si,P,S,B][Cl,F,Br,I]	[SiH,SiH2,SiH3,SiH4,PH,PH2,PH3,SH,SH2,BH,BH2,BH3,BH4]	[Mg,Li,Zn][#6]																
Reagents__DiAmines__ShouldContainAtLeastOne__-	C81	[N;+0;$([NH,NH2]);!$(N=*)!$(N[#7,CX3,CX2,P,S])].[N;+0;$([NH,NH2]);!$(N=*)!$(N[CX3,CX2,P,S])]																															
Reagents__DiAmines__shouldNotContain	N81	[C,S,P;!$(S(=O)(=O)F)](!@=[O,N,S])[F,Cl,Br]	[C,S,P;!$([C,S]C(F)(F)F);!$(C[CH3]);!$(CC(=O)[OD1])](!@=[O,N,S])[OH]	[CX4][Cl,Br,I]	[Sn,B]	[O,S]=[C;$(C([#6])[#6])]	[O,S]=[CH;$(C[#6])]	[O,S]=[CH2]	[N;$([NH,NH2]);!$(N=*)!$(N[#7,CX3,CX2,P,S])].[N;$([NH,NH2]);!$(N=*)!$(N[CX3,CX2,P,S])].[N;$([NH]);!$(N=*)!$(N[CX3,CX2,P,S])]	[SH,S-]	N[OH]	*=[NH]	[Or3]	N=C=[O,S]	[Si,P,S,B][Cl,F,Br,I]	[SiH,SiH2,SiH3,SiH4,PH,PH2,PH3,SH,SH2,BH,BH2,BH3,BH4]	[Mg,Li,Zn][#6]																
Reagents__Hydroxylamines__ShouldContainAtLeastOne__-	C82	[NX3;+0;!$(N=*)!$(N[CX3,CX2,P,S])][O;+0]																															
Reagents__Hydroxylamines__ShouldAlsoContain__-	AC82	[NH,NH2,OH,NX3!$(N=*)!$(N[c,CX3,CX2,P,S])$(N!@OC(=O)c1[cH][cH][cH][cH][cH]1)]																															
Reagents__Hydroxylamines__shouldNotContain	N82	[C,S,P](!@=[O,N,S])[F,Cl,Br]	[C,S,P;!$([C,S]C(F)(F)F);!$(C[CH3]);!$(CC(=O)[OD1])](!@=[O,N,S])[OH]	[Cl,Br,I][CX4]	[NX3;$(N(@[#6])@[#6])]@[O]	[Sn,B]	[O,S]=[C;$(C([#6])[#6])]	[O,S]=[CH;$(C[#6])]	[O,S]=[CH2]	[N;$([NH,NH2][#6,#7,O]);!$(N=*)!$(N[O,CX3,CX2,P,S])]	[SH,S-]	[OH]N.N[OH]	*=[NH]	C1OC1	N=C=[O,S]	[Si,P,S,B][Cl,F,Br,I]	[SiH,SiH2,SiH3,SiH4,PH,PH2,PH3,SH,SH2,BH,BH2,BH3,BH4]	[Mg,Li,Zn][#6]															
Reagents__Hydrazines__ShouldContainAtLeastOne__-	C83	[N;+0;$([NH,NH2]);!$(N[CX3,CX2,P,S])!$(N=,#*)!$(N[O,S,P])][N;+0;!$(N[CX3,CX2,P,S])!$(N=,#*)!$(N[O,S,P])]																															
Reagents__Hydrazines__shouldNotContain	N83	[C,S,P](!@=[O,N,S])[F,Cl,Br]	[C,S,P;!$([C,S]C(F)(F)F);!$(C[CH3]);!$(CC(=O)[OD1])](!@=[O,N,S])[OH]	[Cl,Br,I][CX4]	[Sn,B]	[O,S]=[C;$(C([#6])[#6])]	[O,S]=[CH;$(C[#6])]	[O,S]=[CH2]	[N;$([NH,NH2]);!$(N[CX3,CX2,P,S])!$(N=,#*)!$(N[O,S,P])][N;!$(N[CX3,CX2,P,S])!$(N=,#*)!$(N[O,S,P])].[N;$([NH,NH2]([#6,#7,O]));!$(N=*)!$(N[CX3,CX2,P,S])]	[SH,S-]	N[OH]	C1OC1	N=C=[O,S]	[Si,P,S,B][Cl,F,Br,I]	[SiH,SiH2,SiH3,SiH4,PH,PH2,PH3,SH,SH2,BH,BH2,BH3,BH4]	[Mg,Li,Zn][#6]																	
Reagents__Hydrazides__ShouldContainAtLeastOne__-	C84	[#6]C(=O)N[N;$([NH,NH2,NH3+])!$(NC=[O,S,N])!$(N[S,P])]																															
Reagents__Hydrazides__shouldNotContain	N84	[C,S,P](!@=[O,N,S])[F,Cl,Br]	[C,S,P;!$([C,S]C(F)(F)F);!$(C[CH3]);!$(CC(=O)[OD1])](!@=[O,N,S])[OH]	[Cl,Br,I][CX4]	[Sn,B]	[O,S]=[C;$(C([#6])[#6])]	[O,S]=[CH;$(C[#6])]	[O,S]=[CH2]	[#6]C(=O)N[N$([NH,NH2,NH3+])!$(NC=[O,S,N])!$(N[S,P])].[N;$([NH,NH2]([#6,#7,O]));!$(N=*)!$(N[CX3,CX2,P,S])]	[SH,S-]	N[OH]	C1OC1	N=C=[O,S]	[Si,P,S,B][Cl,F,Br,I]	[SiH,SiH2,SiH3,SiH4,PH,PH2,PH3,SH,SH2,BH,BH2,BH3,BH4]	[Mg,Li,Zn][#6]																	
Reagents__Isocyanates__ShouldContainAtLeastOne__-	C85	N=C=O																															
Reagents__Isocyanates__shouldNotContain	N85	[C,S,P](!@=[O,N,S])[F,Cl,Br]	[C,S,P](!@=[O,N,S])[OH]	[N;$([NH,NH2]);!$(NC=[C,N,O,P,S])!$(N=[C,N,O,S])!$(N[P,S])!$(N#[C])]	N=C=O.N=C=O	[OH,O-]c	N=C=S	[SH,S-]	[Si,P,S,B][Cl,F,Br,I]	[SiH,SiH2,SiH3,SiH4,PH,PH2,PH3,SH,SH2,BH,BH2,BH3,BH4]	[Mg,Li,Zn][#6]																						
Reagents__PoliIsocyanates__ShouldContainAtLeastOne__-	C86	N=C=O.N=C=O																															
Reagents__PoliIsocyanates__shouldNotContain	N86	[C,S,P](!@=[O,N,S])[F,Cl,Br]	[C,S,P](!@=[O,N,S])[OH]	[N;$([NH,NH2]);!$(NC=[C,N,O,P,S])!$(N=[C,N,O,S])!$(N[P,S])!$(N#[C])]	[OH,O-]c	N=C=S	[SH,S-]	[Si,P,S,B][Cl,F,Br,I]	[SiH,SiH2,SiH3,SiH4,PH,PH2,PH3,SH,SH2,BH,BH2,BH3,BH4]	[Mg,Li,Zn][#6]																							
Reagents__Isothiocyanates__ShouldContainAtLeastOne__-	C87	N=C=S																															
Reagents__Isothiocyanates__shouldNotContain	N87	[C,S,P](!@=[O,N,S])[F,Cl,Br]	[N;$([NH,NH2]);!$(NC=[C,N,O,P,S])!$(N=[C,N,O,S])!$(N[P,S])!$(N#[C])]	[SH,S-]	[Si,P,S,B][Cl,F,Br,I]	[SiH,SiH2,SiH3,SiH4,PH,PH2,PH3,SH,SH2,BH,BH2,BH3,BH4]	[Mg,Li,Zn][#6]																										
Reagents__Michael_Acceptors__ShouldContainAtLeastOne__-	C88	[CX3;!$(C[O,N,S,I,Cl,Br])]=[CX3;!$([OH,SH,NH2,O-,S-])][$(C#N),$([SD4,CX3,P]=O),$([N+](=O)[O-])]																															
Reagents__Michael_Acceptors__shouldNotContain	N88	[CX3;!$(C[O,N])]=[CX3;!$([OH,SH,NH2,O-,S-])][$(C#N),$([SD4,CX3,P]=O),$([N+](=O)[O-])].[CX3;!$(C[O,N])]=[CX3;!$([OH,SH,NH2,O-,S-])][$(C#N),$([SD4,CX3,P]=O),$([N+](=O)[O-])]	C=,#C[CX3;!$(C[O,N])]=[CX3;!$([OH,SH,NH2,O-,S-])][$(C#N),$([SD4,CX3,P]=O),$([N+](=O)[O-])]	[CX4,c]C(=O)C=CC(=O)O	cC=C[$(C#N),$([SD4,CX3,P]=O),$([N+](=O)[O-])]	N1[SD4]N=CC=C1[$(C#N),$([SD4,CX3,P]=O),$([N+](=O)[O-])]	[C,S,P](!@=[O,N,S])[F,Cl,Br]	[C,S,P;!$([C,S]C(F)(F)F);!$(C[CH3]);!$(CC(=O)[OD1])](!@=[O,N,S])[OH]	[N;$([NH,NH2]);!$(NC=[C,N,O,P,S])!$(N=[C,N,O,S])!$(N[P,S])!$(N#[C])]	*=[NH]	[SH,S-]	[Sn,B]	N=C=[O,S]	[Cl,Br,I][CX4]	N[OH]	[#6]!@#N[*]	[C-]#[N+][*]	[Si,P,S,B][Cl,F,Br,I]	[SiH,SiH2,SiH3,SiH4,PH,PH2,PH3,SH,SH2,BH,BH2,BH3,BH4]	[OH]C=[#6]	[Mg,Li,Zn][#6]												
Reagents__Minisci_CHpartners__ShouldContainAtLeastOne	C89	[H][cH;r6;$(cn)]	[n]1[a][a][cH;r6][a][a]1																														
Reagents__Minisci_CHpartners__shouldNotContain	N89	[nH]	[C,S,P](!@=[O,N,S])[F,Cl,Br]	[C,S,P;!$([C,S]C(F)(F)F);!$(C[CH3]);!$(CC(=O)[OD1])](!@=[O,N,S])[OH]	[SH,S-]	[*]=[NH]	N[OH]	C1OC1	N=C=[O,S]	[#6]!@#N[*]	[C-]#[N+][*]	[N;$([NH,NH2]);!$(NC=[C,N,O,P,S])!$(N=[C,N,O,S])!$(N[P,S])!$(N#[C])]	[Cl,Br,I][CX4]	[Si,P,S,B][Cl,F,Br,I]	[SiH,SiH2,SiH3,SiH4,PH,PH2,PH3,SH,SH2,BH,BH2,BH3,BH4]	N=O	[Mg,Li,Zn][#6]																
Reagents__Oxiranes__ShouldContainAtLeastOne__-	C90	C1OC1																															
Reagents__Oxiranes__shouldNotContain	N90	[N;$([NH,NH2]);!$(NC=[C,N,O,P,S])!$(N=[C,N,O,S])!$(N[P,S])!$(N#[C])]	[Si,P,S,B][Cl,F,Br,I]	C1OC1.C1OC1	[SiH,SiH2,SiH3,SiH4,PH,PH2,PH3,SH,SH2,BH,BH2,BH3,BH4]	[Mg,Li,Zn][#6]																											
Reagents__PoliOxiranes__ShouldContainAtLeastOne__-	C91	C1OC1.C1OC1																															
Reagents__PoliOxiranes__shouldNotContain	N91	[N;$([NH,NH2]);!$(NC=[C,N,O,P,S])!$(N=[C,N,O,S])!$(N[P,S])!$(N#[C])]	[Si,P,S,B][Cl,F,Br,I]	[SiH,SiH2,SiH3,SiH4,PH,PH2,PH3,SH,SH2,BH,BH2,BH3,BH4]	[Mg,Li,Zn][#6]																												
Reagents__OxalateAlkEsters__ShouldContainAtLeastOne__-	C92	[O;$(O(C=O)C)]C(=O)C(=O)O[$([C;D1]),$([C;D2][C;D1])]																															
Reagents__OxalateAlkEsters__shouldNotContain	N92	[OD1]C(=O)C(=O)O[CX4].[C,S,P;!$([C,S]C(F)(F)F);!$(C[CH3]);!$(CC(=O)[OD1])](!@=[O,N,S])[OH]	[OD1]C(=O)C(=O)O[CX4].[C,S,P;!$(S(=O)(=O)F)](!@=[O,N,S])[F,Cl,Br]	[N;$([NH,NH2]);!$(NC=[C,N,O,P,S])!$(N=[C,N,O,S])!$(N[P,S])!$(N#[C])]	[O,S]=[C;$(C([#6])[#6])]	[O,S]=[CH;$(C[#6])]	[O,S]=[CH2]	[SH,S-]	[Sn,B]	N[OH]	N=C=[O,S]	[Cl,Br,I][CX4]	*=[NH]	[#6]!@#N[*]	[C-]#[N+][*]	[Si,P,S,B][Cl,F,Br,I]	[SiH,SiH2,SiH3,SiH4,PH,PH2,PH3,SH,SH2,BH,BH2,BH3,BH4]	[Mg,Li,Zn][#6]															
Reagents__Oximes__ShouldContainAtLeastOne__-	C93	[OD1][NX2]=[C;X3;$(C([CX4,c])[CX4,c]),$([CH][CX4,c])]																															
Reagents__Oximes__shouldNotContain	N93	[Cl,Br,I][CX4]	[OD1][NX2]=[C;X3;$(C([CX4,c])[CX4,c]),$([CH][CX4,c])].[OD1][NX2]=[C;X3;$(C([CX4,c])[CX4,c]),$([CH][CX4,c])]	N=C=[O,S]	[#6][OH]	[nH]	[N;$([NH,NH2][#6,#7,O]);!$(N=*)!$(N[O,CX3,CX2,P,S])]	[C,S,P;!$([C,S]C(F)(F)F);!$(C[CH3]);!$(CC(=O)[OD1])](!@=[O,N,S])[OH]	C1OC1	[SiH,SiH2,SiH3,SiH4,PH,PH2,PH3,SH,SH2,BH,BH2,BH3,BH4]	[Mg,Li,Zn][#6]																						
Reagents__NOPhtal_AlkEsters__ShouldContainAtLeastOne__-	C94	[CX4]C(=O)ON1C(=O)c2[cH][cH][cH][cH]c2C1=O																															
Reagents__NOPhtal_AlkEsters__shouldNotContain	N94	[C,S,P](!@=[O,N,S])[F,Cl,Br]	[C,S,P;!$([C,S]C(F)(F)F);!$(C[CH3]);!$(CC(=O)[OD1])](!@=[O,N,S])[OH]	[N;$([NH,NH2]);!$(NC=[C,N,O,P,S])!$(N=[C,N,O,S])!$(N[P,S])!$(N#[C])]	[O,S]=[C;$(C([#6])[#6])]	[O,S]=[CH;$(C[#6])]	[O,S]=[CH2]	[SH,S-]	[Sn,B]	N[OH]	N=C=[O,S]	[Cl,Br,I][CX4]	*=[NH]	[#6]!@#N[*]	[C-]#[N+][*]	[Si,P,S,B][Cl,F,Br,I]	[SiH,SiH2,SiH3,SiH4,PH,PH2,PH3,SH,SH2,BH,BH2,BH3,BH4]	[Mg,Li,Zn][#6]															
Reagents__Thioles__ShouldContainAtLeastOne	C95	[CX4,c][SH,S-;D1]	[#6;$([#6]@=,@:[*])]=,-[SH,S,S-;D1]																														
Reagents__Thioles__shouldNotContain	N95	[Cl,Br,I][CX4]	[SH,S-].[SH,S-]	N=C=[O,S]	[#6]!@#N[*]	[C-]#[N+][*]	[Si,P,S,B][Cl,F,Br,I]	[SiH,SiH2,SiH3,SiH4,PH,PH2,PH3,BH,BH2,BH3,BH4]	[Mg,Li,Zn][#6]																								
Reagents__Mg_organics__ShouldContainAtLeastOne__-	C96	[Mg][#6]																															
Reagents__Mg_organics__shouldNotContain	N96	[C,S,P](!@=[O,N,S])[F,Cl,Br]	[C,S,P;!$([C,S]C(F)(F)F);!$(C[CH3]);!$(CC(=O)[OD1])](!@=[O,N,S])[OH]	[Cl,Br,I][CX4]	[N;$([NH,NH2]);!$(NC=[C,N,O,P,S])!$(N=[C,N,O,S])!$(N[P,S])!$(N#[C])]	[SH,S-]	N=C=[O,S]	[*]=[NH]	[*]=N[OH]	[O,S]=[C;$(C([#6])[#6])]	[O,S]=[CH;$(C[#6])]	[O,S]=[CH2]	[Or3]	[#6]!@#N[*]	[C-]#[N+][*]	[O,N!R]=,#[C,N][CH][C,N]=,#[O,N!R]	[OH,O-]	[nH]	[Si,P,S,B][Cl,F,Br,I]	[SiH,SiH2,SiH3,SiH4,PH,PH2,PH3,SH,SH2,BH,BH2,BH3,BH4]	[Mg][#6].[Mg,Li,Zn][#6]												
Reagents__Zn_organics__ShouldContainAtLeastOne__-	C97	[Zn][#6]																															
Reagents__Zn_organics__shouldNotContain	N97	[C,S,P](!@=[O,N,S])[F,Cl,Br]	[C,S,P;!$([C,S]C(F)(F)F);!$(C[CH3]);!$(CC(=O)[OD1])](!@=[O,N,S])[OH]	[Cl,Br,I][CX4]	[N;$([NH,NH2]);!$(NC=[C,N,O,P,S])!$(N=[C,N,O,S])!$(N[P,S])!$(N#[C])]	[SH,S-]	N=C=[O,S]	[*]=[NH]	[*]=N[OH]	[O,S]=[C;$(C([#6])[#6])]	[O,S]=[CH;$(C[#6])]	[O,S]=[CH2]	[Or3]	[#6]!@#N[*]	[C-]#[N+][*]	[OH]C[OD2!R]	[O,N!R]=,#[C,N][CH][C,N]=,#[O,N!R]	[OH,O-]	[nH]	[Si,P,S,B][Cl,F,Br,I]	[SiH,SiH2,SiH3,SiH4,PH,PH2,PH3,SH,SH2,BH,BH2,BH3,BH4]	[Zn][#6].[Mg,Li,Zn][#6]											
Reagents__Li_organics__ShouldContainAtLeastOne__-	C98	[Li][#6]																															
Reagents__Li_organics__shouldNotContain	N98	[C,S,P](!@=[O,N,S])[F,Cl,Br]	[C,S,P;!$([C,S]C(F)(F)F);!$(C[CH3]);!$(CC(=O)[OD1])](!@=[O,N,S])[OH]	[Cl,Br,I][CX4]	[N;$([NH,NH2]);!$(NC=[C,N,O,P,S])!$(N=[C,N,O,S])!$(N[P,S])!$(N#[C])]	[SH,S-]	N=C=[O,S]	[*]=[NH]	[*]=N[OH]	[O,S]=[C;$(C([#6])[#6])]	[O,S]=[CH;$(C[#6])]	[O,S]=[CH2]	[Or3]	[#6]!@#N[*]	[C-]#[N+][*]	[OH]C[OD2!R]	[O,N!R]=,#[C,N][CH][C,N]=,#[O,N!R]	[OH,O-]	[nH]	[Si,P,S,B][Cl,F,Br,I]	[SiH,SiH2,SiH3,SiH4,PH,PH2,PH3,SH,SH2,BH,BH2,BH3,BH4]	[Li][#6].[Mg,Li,Zn][#6]											
ReagentsForOlefination__JuliaKocienski__ShouldContainAtLeastOne__-	C99	[CH,CH2;X4][SD4](=O)(=O)[$(c1nc2[cH][cH][cH][cH]c2s1),$(c1n[cH][cH][cH][cH]1),$(c1nnnn1c2[cH][cH][cH][cH][cH]2),$(c1nnnn1C([CD1])([CD1])[CD1]),$(c1[cH]c(C(F)(F)F)[cH]c(C(F)(F)F)[cH]1)]																															
ReagentsForOlefination__JuliaKocienski__shouldNotContain	N99	[C,S,P](!@=[O,N,S])[F,Cl,Br]	[C,S,P;!$([C,S]C(F)(F)F);!$(C[CH3]);!$(CC(=O)[OD1])](!@=[O,N,S])[OH]	[Sn,B]	[SH,S-]	N=C=[O,S]	[#6]!@#N[*]	[C-]#[N+][*]	[Si,P,S,B][Cl,F,Br,I]	[SiH,SiH2,SiH3,SiH4,PH,PH2,PH3,SH,SH2,BH,BH2,BH3,BH4]	[Mg,Li,Zn][#6]																						
ReagentsForOlefination__Wittig__ShouldContainAtLeastOne__-	C100	[CH,CH2;X4][PD4](c1[cH][cH][cH][cH][cH]1)(c1[cH][cH][cH][cH][cH]1)c1[cH][cH][cH][cH][cH]1																															
ReagentsForOlefination__Wittig__shouldNotContain	N100	[C,S,P](!@=[O,N,S])[F,Cl,Br]	[C,S,P;!$([C,S]C(F)(F)F);!$(C[CH3]);!$(CC(=O)[OD1])](!@=[O,N,S])[OH]	[Sn,B]	[SH,S-]	N=C=[O,S]	[#6]!@#N[*]	[C-]#[N+][*]	[Si,P,S,B][Cl,F,Br,I]	[SiH,SiH2,SiH3,SiH4,PH,PH2,PH3,SH,SH2,BH,BH2,BH3,BH4]	[Mg,Li,Zn][#6]																						
ReagentsForOlefination__Horner_Wadsworth_EmmonsReagents__ShouldContainAtLeastOne__-	C101	[CX4,c]O[PD4](=O)(O[CX4,c])[CH,CH2;X4][$([C,S](=O)O[CX4,c]),$(C([CX4])(=O)[CX4,c]),$(C#N),$(S(=O)[N,O]),$([ND3]=O)]																															
ReagentsForOlefination__Horner_Wadsworth_EmmonsReagents__shouldNotContain	N101	[C,S,P](!@=[O,N,S])[F,Cl,Br]	[C,S,P;!$([C,S]C(F)(F)F);!$(C[CH3]);!$(CC(=O)[OD1])](!@=[O,N,S])[OH]	[Sn,B]	[SH,S-]	N=C=[O,S]	[#6]!@#N[*]	[C-]#[N+][*]	[Si,P,S,B][Cl,F,Br,I]	[SiH,SiH2,SiH3,SiH4,PH,PH2,PH3,SH,SH2,BH,BH2,BH3,BH4]	[Mg,Li,Zn][#6]																						
SecondaryAmines__SecAmines_Aliphatic_Polycyclic__ShouldContainAtLeastOne__-	C102	[NH;D2;+0;!$(NC=[N,O,S,P,C])!$(N~[c,#7,O,S,P])].[CR2]																															
SecondaryAmines__SecAmines_Aliphatic_Polycyclic__shouldNotContain	N102	[C,S,P;!$(S(=O)(=O)F)](!@=[O,N,S])[F,Cl,Br]	[C,S,P;!$([C,S]C(F)(F)F);!$(C[CH3]);!$(CC(=O)[OD1])](!@=[O,N,S])[OH]	[CX4][Cl,Br,I]	[Sn,B]	[O,S]=[C;$(C([#6])[#6])]	[O,S]=[CH;$(C[#6])]	[O,S]=[CH2]	[NH].[N;+0;$([NH,NH2]([#6,#7,O]));!$(N=*)!$(N[CX3,CX2,P,S])]	[SH,S-]	N[OH]	*=[NH]	[Or3]	N=C=[O,S]	[Si,P,S,B][Cl,F,Br,I]	[SiH,SiH2,SiH3,SiH4,PH,PH2,PH3,SH,SH2,BH,BH2,BH3,BH4]	[Mg,Li,Zn][#6]																
SecondaryAmines__secHet-Anilines__ShouldContainAtLeastOne__-	C103	[CX4;!$(C[OH,SH])][NH;+0;D2;!R][c;!$(c1ccccc1)]																															
SecondaryAmines__secHet-Anilines__shouldNotContain	N103	[C,S,P;!$(S(=O)(=O)F)](!@=[O,N,S])[F,Cl,Br]	[C,S,P;!$([C,S]C(F)(F)F);!$(C[CH3]);!$(CC(=O)[OD1])](!@=[O,N,S])[OH]	[CX4][Cl,Br,I]	[Sn,B]	[O,S]=[C;$(C([#6])[#6])]	[O,S]=[CH;$(C[#6])]	[O,S]=[CH2]	[NH].[N;+0;$([NH,NH2]([#6,#7,O]));!$(N=*)!$(N[CX3,CX2,P,S])]	[SH,S-]	N[OH]	*=[NH]	[Or3]	N=C=[O,S]	[Si,P,S,B][Cl,F,Br,I]	[SiH,SiH2,SiH3,SiH4,PH,PH2,PH3,SH,SH2,BH,BH2,BH3,BH4]	[Mg,Li,Zn][#6]																
SecondaryAmines__Cyc-Aliphatic__ShouldContainAtLeastOne__-	C104	[CX4;!$(C[OH,SH])]@[NH;+0;D2]@[CX4;!$(C[OH,SH])]																															
SecondaryAmines__Cyc-Aliphatic__shouldNotContain	N104	[C,S,P;!$(S(=O)(=O)F)](!@=[O,N,S])[F,Cl,Br]	[C,S,P;!$([C,S]C(F)(F)F);!$(C[CH3]);!$(CC(=O)[OD1])](!@=[O,N,S])[OH]	[CX4][Cl,Br,I]	[Sn,B]	[O,S]=[C;$(C([#6])[#6])]	[O,S]=[CH;$(C[#6])]	[O,S]=[CH2]	[NH].[N;+0;$([NH,NH2]([#6,#7,O]));!$(N=*)!$(N[CX3,CX2,P,S])]	[SH,S-]	N[OH]	*=[NH]	[Or3]	N=C=[O,S]	[Si,P,S,B][Cl,F,Br,I]	[SiH,SiH2,SiH3,SiH4,PH,PH2,PH3,SH,SH2,BH,BH2,BH3,BH4]	[Mg,Li,Zn][#6]																
SecondaryAmines__Cyc-Benzylic__ShouldContainAtLeastOne__-	C105	[CX4;!$(C[OH,SH])]@[NH;+0;D2]@[CX4;!$(C[OH,SH])]c1ccccc1																															
SecondaryAmines__Cyc-Benzylic__shouldNotContain	N105	[C,S,P;!$(S(=O)(=O)F)](!@=[O,N,S])[F,Cl,Br]	[C,S,P;!$([C,S]C(F)(F)F);!$(C[CH3]);!$(CC(=O)[OD1])](!@=[O,N,S])[OH]	[CX4][Cl,Br,I]	[Sn,B]	[O,S]=[C;$(C([#6])[#6])]	[O,S]=[CH;$(C[#6])]	[O,S]=[CH2]	[NH].[N;+0;$([NH,NH2]([#6,#7,O]));!$(N=*)!$(N[CX3,CX2,P,S])]	[SH,S-]	N[OH]	*=[NH]	[Or3]	N=C=[O,S]	[Si,P,S,B][Cl,F,Br,I]	[SiH,SiH2,SiH3,SiH4,PH,PH2,PH3,SH,SH2,BH,BH2,BH3,BH4]	[Mg,Li,Zn][#6]																
SecondaryAmines__SecAmines_Aliphatic_Fluorinated__ShouldContainAtLeastOne__-	C106	[CX4;!$(C[OH,SH])][NH;+0;D2][CX4;!$(C[OH,SH])].F[CX4]																															
SecondaryAmines__SecAmines_Aliphatic_Fluorinated__shouldNotContain	N106	[C,S,P;!$(S(=O)(=O)F)](!@=[O,N,S])[F,Cl,Br]	[C,S,P;!$([C,S]C(F)(F)F);!$(C[CH3]);!$(CC(=O)[OD1])](!@=[O,N,S])[OH]	[CX4][Cl,Br,I]	[Sn,B]	[O,S]=[C;$(C([#6])[#6])]	[O,S]=[CH;$(C[#6])]	[O,S]=[CH2]	[NH].[N;+0;$([NH,NH2]([#6,#7,O]));!$(N=*)!$(N[CX3,CX2,P,S])]	[SH,S-]	N[OH]	*=[NH]	[Or3]	N=C=[O,S]	[Si,P,S,B][Cl,F,Br,I]	[SiH,SiH2,SiH3,SiH4,PH,PH2,PH3,SH,SH2,BH,BH2,BH3,BH4]	[Mg,Li,Zn][#6]																
SecondaryAmines__diArylAmines__ShouldContainAtLeastOne__-	C107	c[NH;A;+0;D2]c																															
SecondaryAmines__diArylAmines__shouldNotContain	N107	[C,S,P;!$(S(=O)(=O)F)](!@=[O,N,S])[F,Cl,Br]	[C,S,P;!$([C,S]C(F)(F)F);!$(C[CH3]);!$(CC(=O)[OD1])](!@=[O,N,S])[OH]	[CX4][Cl,Br,I]	[Sn,B]	[O,S]=[C;$(C([#6])[#6])]	[O,S]=[CH;$(C[#6])]	[O,S]=[CH2]	[NH].[N;+0;$([NH,NH2]([#6,#7,O]));!$(N=*)!$(N[CX3,CX2,P,S])]	[SH,S-]	N[OH]	*=[NH]	[Or3]	N=C=[O,S]	[Si,P,S,B][Cl,F,Br,I]	[SiH,SiH2,SiH3,SiH4,PH,PH2,PH3,SH,SH2,BH,BH2,BH3,BH4]	[Mg,Li,Zn][#6]																
SecondaryAmines__Cyc-Het-benzylic__ShouldContainAtLeastOne__-	C108	[CX4;!$(C[OH,SH])]@[NH;D2]@[CX4;!$(C[OH,SH])][c;!$(c1ccccc1)]																															
SecondaryAmines__Cyc-Het-benzylic__shouldNotContain	N108	[C,S,P;!$(S(=O)(=O)F)](!@=[O,N,S])[F,Cl,Br]	[C,S,P;!$([C,S]C(F)(F)F);!$(C[CH3]);!$(CC(=O)[OD1])](!@=[O,N,S])[OH]	[CX4][Cl,Br,I]	[Sn,B]	[O,S]=[C;$(C([#6])[#6])]	[O,S]=[CH;$(C[#6])]	[O,S]=[CH2]	[NH].[N;+0;$([NH,NH2]([#6,#7,O]));!$(N=*)!$(N[CX3,CX2,P,S])]	[SH,S-]	N[OH]	*=[NH]	[Or3]	N=C=[O,S]	[Si,P,S,B][Cl,F,Br,I]	[SiH,SiH2,SiH3,SiH4,PH,PH2,PH3,SH,SH2,BH,BH2,BH3,BH4]	[Mg,Li,Zn][#6]																
SecondaryAmines__Cyc-Anilines__ShouldContainAtLeastOne__-	C109	[CX4;!$(C[OH,SH])]@[NH;D2]@c1ccccc1																															
SecondaryAmines__Cyc-Anilines__shouldNotContain	N109	[C,S,P;!$(S(=O)(=O)F)](!@=[O,N,S])[F,Cl,Br]	[C,S,P;!$([C,S]C(F)(F)F);!$(C[CH3]);!$(CC(=O)[OD1])](!@=[O,N,S])[OH]	[CX4][Cl,Br,I]	[Sn,B]	[O,S]=[C;$(C([#6])[#6])]	[O,S]=[CH;$(C[#6])]	[O,S]=[CH2]	[NH].[N;+0;$([NH,NH2]([#6,#7,O]));!$(N=*)!$(N[CX3,CX2,P,S])]	[SH,S-]	N[OH]	*=[NH]	[Or3]	N=C=[O,S]	[Si,P,S,B][Cl,F,Br,I]	[SiH,SiH2,SiH3,SiH4,PH,PH2,PH3,SH,SH2,BH,BH2,BH3,BH4]	[Mg,Li,Zn][#6]																
SecondaryAmines__secHet-benzylic__ShouldContainAtLeastOne__-	C110	[CX4;!$(C[OH,SH])][NH;D2;!R][CX4;!$(C[OH,SH])][c;!$(c1ccccc1)]																															
SecondaryAmines__secHet-benzylic__shouldNotContain	N110	[C,S,P;!$(S(=O)(=O)F)](!@=[O,N,S])[F,Cl,Br]	[C,S,P;!$([C,S]C(F)(F)F);!$(C[CH3]);!$(CC(=O)[OD1])](!@=[O,N,S])[OH]	[CX4][Cl,Br,I]	[Sn,B]	[O,S]=[C;$(C([#6])[#6])]	[O,S]=[CH;$(C[#6])]	[O,S]=[CH2]	[NH].[N;+0;$([NH,NH2]([#6,#7,O]));!$(N=*)!$(N[CX3,CX2,P,S])]	[SH,S-]	N[OH]	*=[NH]	[Or3]	N=C=[O,S]	[Si,P,S,B][Cl,F,Br,I]	[SiH,SiH2,SiH3,SiH4,PH,PH2,PH3,SH,SH2,BH,BH2,BH3,BH4]	[Mg,Li,Zn][#6]																
SecondaryAmines__secAnilines__ShouldContainAtLeastOne__-	C111	[CX4;!$(C[OH,SH])][NH;D2;!R]c1ccccc1																															
SecondaryAmines__secAnilines__shouldNotContain	N111	[C,S,P;!$(S(=O)(=O)F)](!@=[O,N,S])[F,Cl,Br]	[C,S,P;!$([C,S]C(F)(F)F);!$(C[CH3]);!$(CC(=O)[OD1])](!@=[O,N,S])[OH]	[CX4][Cl,Br,I]	[Sn,B]	[O,S]=[C;$(C([#6])[#6])]	[O,S]=[CH;$(C[#6])]	[O,S]=[CH2]	[NH].[N;+0;$([NH,NH2]([#6,#7,O]));!$(N=*)!$(N[CX3,CX2,P,S])]	[SH,S-]	N[OH]	*=[NH]	[Or3]	N=C=[O,S]	[Si,P,S,B][Cl,F,Br,I]	[SiH,SiH2,SiH3,SiH4,PH,PH2,PH3,SH,SH2,BH,BH2,BH3,BH4]	[Mg,Li,Zn][#6]																
SecondaryAmines__secBenzylic__ShouldContainAtLeastOne__-	C112	[CX4;!$(C[OH,SH])][NH;D2!R][CX4;!$(C[OH,SH])]c1ccccc1																															
SecondaryAmines__secBenzylic__shouldNotContain	N112	[C,S,P;!$(S(=O)(=O)F)](!@=[O,N,S])[F,Cl,Br]	[C,S,P;!$([C,S]C(F)(F)F);!$(C[CH3]);!$(CC(=O)[OD1])](!@=[O,N,S])[OH]	[CX4][Cl,Br,I]	[Sn,B]	[O,S]=[C;$(C([#6])[#6])]	[O,S]=[CH;$(C[#6])]	[O,S]=[CH2]	[NH].[N;+0;$([NH,NH2]([#6,#7,O]));!$(N=*)!$(N[CX3,CX2,P,S])]	[SH,S-]	N[OH]	*=[NH]	[Or3]	N=C=[O,S]	[Si,P,S,B][Cl,F,Br,I]	[SiH,SiH2,SiH3,SiH4,PH,PH2,PH3,SH,SH2,BH,BH2,BH3,BH4]	[Mg,Li,Zn][#6]																
SecondaryAmines__secAliphatic__shouldNotContain	N113	[C,S,P;!$(S(=O)(=O)F)](!@=[O,N,S])[F,Cl,Br]	[C,S,P;!$([C,S]C(F)(F)F);!$(C[CH3]);!$(CC(=O)[OD1])](!@=[O,N,S])[OH]	[CX4][Cl,Br,I]	[Sn,B]	[O,S]=[C;$(C([#6])[#6])]	[O,S]=[CH;$(C[#6])]	[O,S]=[CH2]	[NH].[N;+0;$([NH,NH2]([#6,#7,O]));!$(N=*)!$(N[CX3,CX2,P,S])]	[SH,S-]	N[OH]	*=[NH]	[Or3]	N=C=[O,S]	[Si,P,S,B][Cl,F,Br,I]	[SiH,SiH2,SiH3,SiH4,PH,PH2,PH3,SH,SH2,BH,BH2,BH3,BH4]	[Mg,Li,Zn][#6]																
SecondaryAmines__secAliphatic__ShouldContainAtLeastOne__-	C113	[CX4;!$(C[OH,SH])][NH;D2][CX4;!$(C[OH,SH])]																															
SecondaryAmines__Cyc-Het-Anilines__ShouldContainAtLeastOne__-	C114	[CX4;!$(C[OH,SH])]@[NH;D2]@[c;!$(c1ccccc1)]																															
SecondaryAmines__Cyc-Het-Anilines__shouldNotContain	N114	[C,S,P;!$(S(=O)(=O)F)](!@=[O,N,S])[F,Cl,Br]	[C,S,P;!$([C,S]C(F)(F)F);!$(C[CH3]);!$(CC(=O)[OD1])](!@=[O,N,S])[OH]	[CX4][Cl,Br,I]	[Sn,B]	[O,S]=[C;$(C([#6])[#6])]	[O,S]=[CH;$(C[#6])]	[O,S]=[CH2]	[NH].[N;+0;$([NH,NH2]([#6,#7,O]));!$(N=*)!$(N[CX3,CX2,P,S])]	[SH,S-]	N[OH]	*=[NH]	[Or3]	N=C=[O,S]	[Si,P,S,B][Cl,F,Br,I]	[SiH,SiH2,SiH3,SiH4,PH,PH2,PH3,SH,SH2,BH,BH2,BH3,BH4]	[Mg,Li,Zn][#6]																
TertiaryAmines__TertiaryAmines__ShouldContainAtLeastOne	C115	[#6;!$(C[OH,SH]);!$(C!@=[O,N,S])]!@[N;D3;+0](!@[#6;!$(C[OH,SH]);!$(C!@=[O,N,S])])!@[#6;!$(C[OH,SH]);!$(C!@=[O,N,S])]	[#6;!$(C[OH,SH]);!$(C!@=[O,N,S])]@[N;D3;+0](@[#6;!$(C[OH,SH]);!$(C!@=[O,N,S])])@[#6;!$(C[OH,SH]);!$(C!@=[O,N,S])]																														
TertiaryAmines__TertiaryAmines__shouldNotContain	N115	[C,S,P;!$(S(=O)(=O)F)](!@=[O,N,S])[F,Cl,Br]	[C,S,P;!$([C,S]C(F)(F)F);!$(C[CH3]);!$(CC(=O)[OD1])](!@=[O,N,S])[OH]	[C,S,P;!$([C,S]C(F)(F)F);!$(C[CH3]);!$(CC(=O)[OD1])](!@=[O,N,S])[O-]	[CX4][Cl,Br,I]	[Sn,B]	[O,S]=[C;$(C([#6])[#6])]	[O,S]=[CH;$(C[#6])]	[O,S]=[CH2]	[NH].[#6;!$(C[OH,SH]);!$(C!@=[O,N,S])][N;D3;+0]([#6;!$(C[OH,SH]);!$(C!@=[O,N,S])])[#6;!$(C[OH,SH]);!$(C!@=[O,N,S])]	[nH].[#6;!$(C[OH,SH]);!$(C!@=[O,N,S])][N;D3;+0]([#6;!$(C[OH,SH]);!$(C!@=[O,N,S])])[#6;!$(C[OH,SH]);!$(C!@=[O,N,S])]	[NH2].[#6;!$(C[OH,SH]);!$(C!@=[O,N,S])][N;D3;+0]([#6;!$(C[OH,SH]);!$(C!@=[O,N,S])])[#6;!$(C[OH,SH]);!$(C!@=[O,N,S])]	[SH,S-]	N[OH]	*=[NH]	[Or3]	N=C=[O,S]	[Si,P,S,B][Cl,F,Br,I]	[SiH,SiH2,SiH3,SiH4,PH,PH2,PH3,SH,SH2,BH,BH2,BH3,BH4]	[Mg,Li,Zn][#6]													
SulfonylHalides__Heteroaromatic_Sulfonylhalides__ShouldContainAtLeastOne__-	C116	[F,Cl,Br]S(=O)(=O)[a;!$(c1ccccc1)]																															
SulfonylHalides__Heteroaromatic_Sulfonylhalides__shouldNotContain	N116	[F,Cl,Br][SD4].[C,S,P](=[O,S,N])[Cl,Br,F]	[F,Cl,Br]S(=O)=O.[Si,P,S,B][Cl,F,Br,I]	[F,Cl,Br]S(=O)(=O).[F,Cl,Br]S(=O)(=O)	[F,Cl,Br]S(=O)=O.[SiH,SiH2,SiH3,SiH4,PH,PH2,PH3,SH,SH2,BH,BH2,BH3,BH4]	[Mg,Li,Zn][#6]																											
SulfonylHalides__Sulfamoylhalides__ShouldContainAtLeastOne__-	C117	[Cl,F,Br]S(=O)(=O)[#7]																															
SulfonylHalides__Sulfamoylhalides__shouldNotContain	N117	[F,Cl,Br][SD4].[C,S,P](=[O,S,N])[Cl,Br,F]	[F,Cl,Br]S(=O)=O.[Si,P,S,B][Cl,F,Br,I]	[Cl,F,Br]S(=O)(=O)[#7].[F,Cl,Br]S(=O)(=O)	[F,Cl,Br]S(=O)=O.[SiH,SiH2,SiH3,SiH4,PH,PH2,PH3,SH,SH2,BH,BH2,BH3,BH4]	[Mg,Li,Zn][#6]																											
SulfonylHalides__Benzene_Sulfonylhalides__ShouldContainAtLeastOne__-	C118	[F,Cl,Br]S(=O)(=O)[c;$(c1ccccc1)]																															
SulfonylHalides__Benzene_Sulfonylhalides__shouldNotContain	N118	[F,Cl,Br][SD4]=O.[C,S,P](=[O,S,N])[Cl,Br,F]	[F,Cl,Br]S(=O)=O.[Si,P,S,B][Cl,F,Br,I]	[F,Cl,Br]S(=O)(=O).[F,Cl,Br]S(=O)(=O)	[F,Cl,Br]S(=O)=O.[SiH,SiH2,SiH3,SiH4,PH,PH2,PH3,SH,SH2,BH,BH2,BH3,BH4]	[Mg,Li,Zn][#6]																											
SulfonylHalides__SulfonylFluorides__ShouldContainAtLeastOne__-	C119	F[SD4]=O																															
SulfonylHalides__SulfonylFluorides__shouldNotContain	N119	F[SD4]=O.[C,S,P](=[O,S,N])[Cl,Br,F]	FS(=O)(=O)O	[F]S(=O)(=O).[F,Cl,Br]S(=O)(=O)	F[SD4]=O.[Si,P,S,B][Cl,F,Br,I]	F[SD4]=O.[SiH,SiH2,SiH3,SiH4,PH,PH2,PH3,SH,SH2,BH,BH2,BH3,BH4]	[Mg,Li,Zn][#6]																										
SulfonylHalides__EnIn_Sulfonylhalides__ShouldContainAtLeastOne__-	C120	[F,Cl,Br]S(=O)(=O)C=,#C																															
SulfonylHalides__EnIn_Sulfonylhalides__shouldNotContain	N120	[F,Cl,Br][SD4].[C,S,P](=[O,S,N])[Cl,Br,F]	[F,Cl,Br]S(=O)=O.[Si,P,S,B][Cl,F,Br,I]	[F,Cl,Br]S(=O)(=O).[F,Cl,Br]S(=O)(=O)	[F,Cl,Br]S(=O)=O.[SiH,SiH2,SiH3,SiH4,PH,PH2,PH3,SH,SH2,BH,BH2,BH3,BH4]	[Mg,Li,Zn][#6]																											
SulfonylHalides__FluoroSulfates__ShouldContainAtLeastOne__-	C121	FS(=O)(=O)O[#6]																															
SulfonylHalides__FluoroSulfates__shouldNotContain	N121	F[SD4].[C,S,P](=[O,S,N])[Cl,Br,F]	FS(=O)(=O).[Si,P,S,B][Cl,F,Br,I]	[F,Cl,Br]S(=O)(=O).[F,Cl,Br]S(=O)(=O)	FS(=O)(=O).[SiH,SiH2,SiH3,SiH4,PH,PH2,PH3,SH,SH2,BH,BH2,BH3,BH4]	[Mg,Li,Zn][#6]																											
SulfonylHalides__HeteroAliphatic_Sulfonylhalides__ShouldContainAtLeastOne__-	C122	[F,Cl,Br]S(=O)(=O)[CX4R].[NR,OR,SR]																															
SulfonylHalides__HeteroAliphatic_Sulfonylhalides__shouldNotContain	N122	[F,Cl,Br][SD4].[C,S,P](=[O,S,N])[Cl,Br,F]	[F,Cl,Br]S(=O)=O.[Si,P,S,B][Cl,F,Br,I]	[F,Cl,Br]S(=O)(=O).[F,Cl,Br]S(=O)(=O)	[F,Cl,Br]S(=O)=O.[SiH,SiH2,SiH3,SiH4,PH,PH2,PH3,SH,SH2,BH,BH2,BH3,BH4]	[Mg,Li,Zn][#6]																											
SulfonylHalides__Aliphatic_Sulfonylhalides__ShouldContainAtLeastOne__-	C123	[F,Cl,Br]S(=O)(=O)[CX4]																															
SulfonylHalides__Aliphatic_Sulfonylhalides__shouldNotContain	N123	[F,Cl,Br][SD4].[C,S,P](=[O,S,N])[Cl,Br,F]	[F,Cl,Br]S(=O)(=O)[CX4].[Si,P,S,B][Cl,F,Br,I]	[F,Cl,Br]S(=O)(=O).[F,Cl,Br]S(=O)(=O)	[F,Cl,Br]S(=O)(=O)[CX4].[SiH,SiH2,SiH3,SiH4,PH,PH2,PH3,SH,SH2,BH,BH2,BH3,BH4]	[Mg,Li,Zn][#6]																											
SulfonylHalides__Poli_Sulfonylhalides__ShouldContainAtLeastOne__-	C124	[F,Cl,Br]S(=O)(=O)[#6].[F,Cl,Br]S(=O)(=O)[#6]																															
SulfonylHalides__Poli_Sulfonylhalides__shouldNotContain	N124	[C,P](=[O,S,N])[Cl,Br,F]	[F,Cl,Br]S(=O)(=O)[CX4].[Si,P,S,B][Cl,F,Br,I]	[F,Cl,Br]S(=O)(=O)[CX4].[SiH,SiH2,SiH3,SiH4,PH,PH2,PH3,SH,SH2,BH,BH2,BH3,BH4]	[Mg,Li,Zn][#6]																												
SulfonesSulfinates__Aryl_Allyl_Sulphones__ShouldContainAtLeastOne__-	C125	[CH2]=[CH][CH2][S](=O)(=O)c																															
SulfonesSulfinates__Aryl_Allyl_Sulphones__shouldNotContain	N125	[#6,O,S,N;!$(C(F)(F)F);!$(C(=O)[OD1])][C,SD4,P](!@=[O,S,N])[OD1,F,Cl,Br]	[Cl,Br,I][CX4]	[Sn,B]	[SH,S-]	N=C=[O,S]	[Or3]	[#6]!@#N[*]	[C-]#[N+][*]	[OH,O-]c	[Si,P,S,B][Cl,F,Br,I]	[SiH,SiH2,SiH3,SiH4,PH,PH2,PH3,SH,SH2,BH,BH2,BH3,BH4]	[Mg,Li,Zn][#6]																				
SulfonesSulfinates__AlkylSulfinates__ShouldContainAtLeastOne__-	C126	[OH,O-][SD3](=O)[CX4]																															
SulfonesSulfinates__AlkylSulfinates__shouldNotContain	N126	[#6,O,S,N;!$(C(F)(F)F);!$(C(=O)[OD1])][C,SD4,P](!@=[O,S,N])[OD1,F,Cl,Br]	[Cl,Br,I][CX4]	[Sn,B]	[SH,S-]	N=C=[O,S]	[Or3]	[#6]!@#N[*]	[C-]#[N+][*]	[OH,O-]c	[Si,P,S,B][Cl,F,Br,I]	[SiH,SiH2,SiH3,SiH4,PH,PH2,PH3,SH,SH2,BH,BH2,BH3,BH4]	[Mg,Li,Zn][#6]																				
SulfonesSulfinates__ArylSulfinates__ShouldContainAtLeastOne__-	C127	[OH,O-][SD3](=O)c																															
SulfonesSulfinates__ArylSulfinates__shouldNotContain	N127	[#6,O,S,N;!$(C(F)(F)F);!$(C(=O)[OD1])][C,SD4,P](!@=[O,S,N])[OD1,F,Cl,Br]	[Cl,Br,I][CX4]	[Sn,B]	[SH,S-]	N=C=[O,S]	[Or3]	[#6]!@#N[*]	[C-]#[N+][*]	[OH,O-]c	[Si,P,S,B][Cl,F,Br,I]	[SiH,SiH2,SiH3,SiH4,PH,PH2,PH3,SH,SH2,BH,BH2,BH3,BH4]	N=O	[Mg,Li,Zn][#6]																			
SulfonesSulfinates__EnInSulfinates__ShouldContainAtLeastOne	C128	[OH,O-][SD3](=O)C=C	[OH,O-][SD3](=O)C#C																														
SulfonesSulfinates__EnInSulfinates__shouldNotContain	N128	[#6,O,S,N;!$(C(F)(F)F);!$(C(=O)[OD1])][C,SD4,P](!@=[O,S,N])[OD1,F,Cl,Br]	[Cl,Br,I][CX4]	[Sn,B]	[SH,S-]	N=C=[O,S]	[Or3]	[#6]!@#N[*]	[C-]#[N+][*]	[OH,O-]c	[Si,P,S,B][Cl,F,Br,I]	[SiH,SiH2,SiH3,SiH4,PH,PH2,PH3,SH,SH2,BH,BH2,BH3,BH4]	[Mg,Li,Zn][#6]																				
Trifunctional__Acid_Aldehyde_ArylHalide__ShouldContainAtLeastOne__-	C129	[O;$(O=[CH][#6])].O=C([#6])[OD1].[Cl,Br,I;$(Clc1[c,n][c,n]n[c,n][c,n]1),$(Clc1[n][c,n][n,c][c,n][c,n]1),$(Clc1[n]aa[a;!c]1),$([I,Br]c)]																															
Trifunctional__Acid_Aldehyde_ArylHalide__shouldNotContain	N129	[Cl,F,Br][C,P,S]=[O,S,N]	[CX4][Cl,Br,I]	[O;$(O=[CH][#6])].[O;$(O=[CH][#6])]	[N;$([NH,NH2]);!$(NC=[C,N,O,P,S])!$(N=[C,N,O,S])!$(N[P,S])!$(N#[C])]	[O;$(O=C([#6])[OD1])].[O;$(O=C([#6])[OD1])]	[I]c.[I]c	[Br]c.[Br]c	[Cl;$(Clc1[c,n][c,n]n[c,n][c,n]1),$(Clc1[n][c,n][n,c][c,n][c,n]1),$(Clc1[n]aa[a;!c]1)].[Cl;$(Clc1[c,n][c,n]n[c,n][c,n]1),$(Clc1[n][c,n][n,c][c,n][c,n]1),$(Clc1[n]aa[a;!c]1)]	[OD1]C(=O)C(F)(F)F.*	[OD1]C(=O)[CH3].*	[OD1]C(=O)C(=O)[OD1].*	*=[NH]	[SH,S-]	[Sn,B]	N[OH]	N=C=[O,S]	[O,S]=C([#6])[#6]	C(=[S,N])[N]	[O,N!R]=,#[C,N][CH][C,N]=,#[O,N!R]	C1OC1	[C-]#[N+][*]	[#6]!@#N[*]	C#[CH]	[Si,P,S,B][Cl,F,Br,I]	[SiH,SiH2,SiH3,SiH4,PH,PH2,PH3,SH,SH2,BH,BH2,BH3,BH4]	[Mg,Li,Zn][#6]						
Trifunctional__Acid_Aldehyde_Acetylenes__ShouldContainAtLeastOne__-	C130	[O;$(O=[CH][#6])].O=C([#6])[OD1].C#[CH]																															
Trifunctional__Acid_Aldehyde_Acetylenes__shouldNotContain	N130	[Cl,F,Br][C,P,S]=[O,S,N]	[O;$(O=[CH][#6])].[O;$(O=[CH][#6])]	[N;$([NH,NH2]);!$(NC=[C,N,O,P,S])!$(N=[C,N,O,S])!$(N[P,S])!$(N#[C])]	[O;$(O=C([#6])[OD1])].[O;$(O=C([#6])[OD1])]	[CH]#C.[CH]#C	[CX4][Cl,Br,I]	[OD1]C(=O)C(F)(F)F.*	[OD1]C(=O)[CH3].*	[OD1]C(=O)C(=O)[OD1].*	*=[NH]	[SH,S-]	[Sn,B]	N[OH]	N=C=[O,S]	[O,S]=C([#6])[#6]	[Si,P,S,B][Cl,F,Br,I]	[SiH,SiH2,SiH3,SiH4,PH,PH2,PH3,SH,SH2,BH,BH2,BH3,BH4]	[Mg,Li,Zn][#6]														
Trifunctional__Acid_Aldehyde_Nitro__ShouldContainAtLeastOne__-	C131	[O;$(O=[CH][#6])].O=C([#6])[OD1].[#6][N;$([N+](=O)([#6])[O-]),$(N(=O)([#6])=O)]																															
Trifunctional__Acid_Aldehyde_Nitro__shouldNotContain	N131	[Cl,F,Br][C,P,S]=[O,S,N]	[CX4][Cl,Br,I]	[O;$(O=[CH][#6])].[O;$(O=[CH][#6])]	[N;$([NH,NH2]);!$(NC=[C,N,O,P,S])!$(N=[C,N,O,S])!$(N[P,S])!$(N#[C])]	[O;$(O=C([#6])[OD1])].[O;$(O=C([#6])[OD1])]	N=O.N=O	[OD1]C(=O)C(F)(F)F.*	[OD1]C(=O)[CH3].*	[OD1]C(=O)C(=O)[OD1].*	*=[NH]	[SH,S-]	[Sn,B]	N[OH]	N=C=[O,S]	[O,S]=C([#6])[#6]	[Si,P,S,B][Cl,F,Br,I]	[SiH,SiH2,SiH3,SiH4,PH,PH2,PH3,SH,SH2,BH,BH2,BH3,BH4]	[Mg,Li,Zn][#6]														
Trifunctional__Acid_ArylHalide_Ester__ShouldContainAtLeastOne__-	C132	[O;$(O=C([#6])[OD1])].[O;$(O([CH3])C([#6])=O),$(O([CH2][CH3])C([#6])=O),$(O([CH2]c1[cH][cH][cH][cH][cH]1)C([#6])=O),$(O(C([CH3])([CH3])[CH3])C([#6])=O),$(O([CH2][CH]=[CH2])C([#6])=O)].[Cl,Br,I;$(Clc1[c,n][c,n]n[c,n][c,n]1),$(Clc1[n][c,n][n,c][c,n][c,n]1),$(Clc1[n]aa[a;!c]1),$([I,Br]c)]																															
Trifunctional__Acid_ArylHalide_Ester__shouldNotContain	N132	[Cl,F,Br][C,P,S]=[O,S,N]	[CX4][Cl,Br,I]	[O;$(O=C([#6])[OD1])].[O;$(O=C([#6])[OD1])]	[N;$([NH,NH2]);!$(NC=[C,N,O,P,S])!$(N=[C,N,O,S])!$(N[P,S])!$(N#[C])]	[I]c.[I]c	[Br]c.[Br]c	[O;$(O([#6])C([#6])=O)].[O;$(O([#6])C([#6])=O)]	[Cl;$(Clc1[c,n][c,n]n[c,n][c,n]1),$(Clc1[n][c,n][n,c][c,n][c,n]1),$(Clc1[n]aa[a;!c]1)].[Cl;$(Clc1[c,n][c,n]n[c,n][c,n]1),$(Clc1[n][c,n][n,c][c,n][c,n]1),$(Clc1[n]aa[a;!c]1)]	[OD1]C(=O)C(F)(F)F.*	[OD1]C(=O)[CH3].*	[OD1]C(=O)C(=O)[OD1].*	*=[NH]	[O,S]=[C;$(C([#6])[#6])]	[O,S]=[CH;$(C[#6])]	[O,S]=[CH2]	[SH,S-]	[Sn,B]	N[OH]	N=C=[O,S]	C(=[S,N])[N]	[O,N!R]=,#[C,N][CH][C,N]=,#[O,N!R]	C1OC1	[C-]#[N+][*]	[#6]!@#N[*]	C#[CH]	[N-]=[N+]=N	[Si,P,S,B][Cl,F,Br,I]	[SiH,SiH2,SiH3,SiH4,PH,PH2,PH3,SH,SH2,BH,BH2,BH3,BH4]	[Mg,Li,Zn][#6]			
Trifunctional__Acid_ArylHalide_Nitro__ShouldContainAtLeastOne__-	C133	[Cl,Br,I;$(Clc1[c,n][c,n]n[c,n][c,n]1),$(Clc1[n][c,n][n,c][c,n][c,n]1),$(Clc1[n]aa[a;!c]1),$([I,Br]c)].[#6][N;$([N+](=O)([#6])[O-]),$(N(=O)([#6])=O)].[OD1]C(=O)[#6]																															
Trifunctional__Acid_ArylHalide_Nitro__shouldNotContain	N133	[Cl,F,Br][C,P,S]=[O,S,N]	[CX4][Cl,Br,I]	NC(=O)O[CH2][CH]1c2ccccc2-c3ccccc13	[N;$(NC(=O)OC([CH3])([CH3])[CH3])]	[N;$([NH,NH2]);!$(NC=[C,N,O,P,S])!$(N=[C,N,O,S])!$(N[P,S])!$(N#[C])]	[O;$(O=C([#6])[OD1])].[O;$(O=C([#6])[OD1])]	[I]c.[I]c	[Br]c.[Br]c	[Cl;$(Clc1[c,n][c,n]n[c,n][c,n]1),$(Clc1[n][c,n][n,c][c,n][c,n]1),$(Clc1[n]aa[a;!c]1)].[Cl;$(Clc1[c,n][c,n]n[c,n][c,n]1),$(Clc1[n][c,n][n,c][c,n][c,n]1),$(Clc1[n]aa[a;!c]1)]	N=O.N=O	[OD1]C(=O)C(F)(F)F.*	[OD1]C(=O)[CH3].*	[OD1]C(=O)C(=O)[OD1].*	*=[NH]	[O,S]=[C;$(C([#6])[#6])]	[O,S]=[CH;$(C[#6])]	[O,S]=[CH2]	[SH,S-]	[Sn,B]	N[OH]	N=C=[O,S]	C(=[S,N])[N]	[O,N!R]=,#[C,N][CH][C,N]=,#[O,N!R]	C1OC1	[C-]#[N+][*]	[#6]!@#N[*]	C#[CH]	[Si,P,S,B][Cl,F,Br,I]	[SiH,SiH2,SiH3,SiH4,PH,PH2,PH3,SH,SH2,BH,BH2,BH3,BH4]	[Mg,Li,Zn][#6]		
Trifunctional__Acid_Ester_Nitro__ShouldContainAtLeastOne__-	C134	[#6][N;$([N+](=O)([#6])[O-]),$(N(=O)([#6])=O)].[O;$(O=C([#6])[OD1])].[O;$(O([CH3])C([#6])=O),$(O([CH2][CH3])C([#6])=O),$(O([CH2]c1[cH][cH][cH][cH][cH]1)C([#6])=O),$(O(C([CH3])([CH3])[CH3])C([#6])=O),$(O([CH2][CH]=[CH2])C([#6])=O)]																															
Trifunctional__Acid_Ester_Nitro__shouldNotContain	N134	[Cl,F,Br][C,P,S]=[O,S,N]	[CX4][Cl,Br,I]	[O;$(O=C([#6])[OD1])].[O;$(O=C([#6])[OD1])]	N=O.N=O	[O;$(O([#6])C([#6])=O)].[O;$(O([#6])C([#6])=O)]	[N;$([NH,NH2]);!$(NC=[C,N,O,P,S])!$(N=[C,N,O,S])!$(N[P,S])!$(N#[C])]	[N;$(NC(=O)O[CH2][CH]1c2ccccc2-c3ccccc13)]	[N;$(NC(=O)OC([CH3])([CH3])[CH3])]	[OD1]C(=O)C(F)(F)F.*	[OD1]C(=O)[CH3].*	[OD1]C(=O)C(=O)[OD1].*	*=[NH]	[O,S]=[C;$(C([#6])[#6])]	[O,S]=[CH;$(C[#6])]	[O,S]=[CH2]	[SH,S-]	[Sn,B]	N[OH]	N=C=[O,S]	[N-]=[N+]=N	[Si,P,S,B][Cl,F,Br,I]	[SiH,SiH2,SiH3,SiH4,PH,PH2,PH3,SH,SH2,BH,BH2,BH3,BH4]	[Mg,Li,Zn][#6]									
Trifunctional__Amines_ArylHalide_Nitro__ShouldContainAtLeastOne__-	C135	[#6][N;$([N+](=O)([#6])[O-]),$(N(=O)([#6])=O)].[NX3;+0;$([NH2][c,CX4]),$([NH]([c,CX4])[CX4])].[Cl,Br,I;$(Clc1[c,n][c,n]n[c,n][c,n]1),$(Clc1[n][c,n][n,c][c,n][c,n]1),$(Clc1[n]aa[a;!c]1),$([I,Br]c)]																															
Trifunctional__Amines_ArylHalide_Nitro__shouldNotContain	N135	[Cl,F,Br][C,P,S]=[O,S,N]	[CX4][Cl,Br,I]	[N;$(NC(=O)OC([CH3])([CH3])[CH3])]	[N;$(NC(=O)O[CH2][CH]1c2ccccc2-c3ccccc13)]	[I]c.[I]c	[Br]c.[Br]c	N=O.N=O	[NX3;NH3,NH2,NH;$([ND1][c,CX4,NX3]),$([ND2]([c,CX4,NX3])[c,CX4,NX3])].[NX3;NH3,NH2,NH;$([ND1][c,CX4,NX3]),$([ND2]([c,CX4,NX3])[c,CX4,NX3])]	[O;$(O=C([#6])[OD1])]	[Cl;$(Clc1[c,n][c,n]n[c,n][c,n]1),$(Clc1[n][c,n][n,c][c,n][c,n]1),$(Clc1[n]aa[a;!c]1)].[Cl;$(Clc1[c,n][c,n]n[c,n][c,n]1),$(Clc1[n][c,n][n,c][c,n][c,n]1),$(Clc1[n]aa[a;!c]1)]	[SH,S-]	*=[NH]	N[OH]	C(=[S,N])[N]	[O,N!R]=,#[C,N][CH][C,N]=,#[O,N!R]	C1OC1	N=C=[O,S]	[C-]#[N+][*]	[#6]!@#N[*]	C#[CH]	[Si,P,S,B][Cl,F,Br,I]	[SiH,SiH2,SiH3,SiH4,PH,PH2,PH3,SH,SH2,BH,BH2,BH3,BH4]	[Mg,Li,Zn][#6]									
Trifunctional__NbocAmino_Acid_AlkyneCH__ShouldContainAtLeastOne__-	C136	[N;+0]C(=O)OC([CH3])([CH3])[CH3].[O;$(O=C([#6])[OD1])].[CH]#C																															
Trifunctional__NbocAmino_Acid_AlkyneCH__shouldNotContain	N136	[Cl,F,Br][C,P,S]=[O,S,N]	[CX4][Cl,Br,I]	[O;$(O=C([#6])[OD1])].[O;$(O=C([#6])[OD1])]	[N;$([NH,NH2]);!$(NC=[C,N,O,P,S])!$(N=[C,N,O,S])!$(N[P,S])!$(N#[C])]	C#[CH].C#[CH]	O=COC([CD1])([CD1])[CD1].O=COC([CD1])([CD1])[CD1]	NC(=O)O[CH2][CH]1c2ccccc2-c3ccccc13	[OD1]C(=O)C(F)(F)F.*	[OD1]C(=O)[CH3].*	[OD1]C(=O)C(=O)[OD1].*	*=[NH]	[O,S]=[C;$(C([#6])[#6])]	[O,S]=[CH;$(C[#6])]	[O,S]=[CH2]	[SH,S-]	[Sn,B]	N[OH]	N=C=[O,S]	[Si,P,S,B][Cl,F,Br,I]	[SiH,SiH2,SiH3,SiH4,PH,PH2,PH3,SH,SH2,BH,BH2,BH3,BH4]	[Mg,Li,Zn][#6]											
Trifunctional__NbocAmino_Acid_ArylHalide__ShouldContainAtLeastOne__-	C137	[N;+0]C(=O)OC([CH3])([CH3])[CH3].[O;$(O=C([#6])[OD1])].[Cl,Br,I;$(Clc1[c,n][c,n]n[c,n][c,n]1),$(Clc1[n][c,n][n,c][c,n][c,n]1),$(Clc1[n]aa[a;!c]1),$([I,Br]c)]																															
Trifunctional__NbocAmino_Acid_ArylHalide__shouldNotContain	N137	[Cl,F,Br][C,P,S]=[O,S,N]	[CX4][Cl,Br,I]	[O;$(O=C([#6])[OD1])].[O;$(O=C([#6])[OD1])]	NC(=O)O[CH2][CH]1c2ccccc2-c3ccccc13	[N;$([NH,NH2]);!$(NC=[C,N,O,P,S])!$(N=[C,N,O,S])!$(N[P,S])!$(N#[C])]	O=COC([CD1])([CD1])[CD1].O=COC([CD1])([CD1])[CD1]	[I]c.[I]c	[Br]c.[Br]c	[Cl;$(Clc1[c,n][c,n]n[c,n][c,n]1),$(Clc1[n][c,n][n,c][c,n][c,n]1),$(Clc1[n]aa[a;!c]1)].[Cl;$(Clc1[c,n][c,n]n[c,n][c,n]1),$(Clc1[n][c,n][n,c][c,n][c,n]1),$(Clc1[n]aa[a;!c]1)]	[OD1]C(=O)C(F)(F)F.*	[OD1]C(=O)[CH3].*	[OD1]C(=O)C(=O)[OD1].*	*=[NH]	[O,S]=[C;$(C([#6])[#6])]	[O,S]=[CH;$(C[#6])]	[O,S]=[CH2]	[SH,S-]	[Sn,B]	N[OH]	N=C=[O,S]	C(=[S,N])[N]	[O,N!R]=,#[C,N][CH][C,N]=,#[O,N!R]	C1OC1	[C-]#[N+][*]	[#6]!@#N[*]	C#[CH]	[Si,P,S,B][Cl,F,Br,I]	[SiH,SiH2,SiH3,SiH4,PH,PH2,PH3,SH,SH2,BH,BH2,BH3,BH4]	[Mg,Li,Zn][#6]			
Trifunctional__NbocAmino_Acid_Ester__ShouldContainAtLeastOne__-	C138	[N;+0]C(=O)OC([CH3])([CH3])[CH3].[O;$(O=C([#6])[OD1])].[O;$(O([CH3])C([#6])=O),$(O([CH2][CH3])C([#6])=O),$(O([CH2]c1[cH][cH][cH][cH][cH]1)C([#6])=O),$(O(C([CH3])([CH3])[CH3])C([#6])=O),$(O([CH2][CH]=[CH2])C([#6])=O)]																															
Trifunctional__NbocAmino_Acid_Ester__shouldNotContain	N138	[Cl,F,Br][C,P,S]=[O,S,N]	[CX4][Cl,Br,I]	[N;$([NH,NH2]);!$(NC=[C,N,O,P,S])!$(N=[C,N,O,S])!$(N[P,S])!$(N#[C])]	[O;$(O=C([#6])[OD1])].[O;$(O=C([#6])[OD1])]	O=COC([CD1])([CD1])[CD1].O=COC([CD1])([CD1])[CD1]	[O;$(O([#6])C([#6])=O)].[O;$(O([#6])C([#6])=O)]	[N;$(NC(=O)O[CH2][CH]1c2ccccc2-c3ccccc13)]	[OD1]C(=O)C(F)(F)F.*	[OD1]C(=O)[CH3].*	[OD1]C(=O)C(=O)[OD1].*	*=[NH]	[O,S]=[C;$(C([#6])[#6])]	[O,S]=[CH;$(C[#6])]	[O,S]=[CH2]	[SH,S-]	[Sn,B]	N[OH]	N=C=[O,S]	[N-]=[N+]=N	[Si,P,S,B][Cl,F,Br,I]	[SiH,SiH2,SiH3,SiH4,PH,PH2,PH3,SH,SH2,BH,BH2,BH3,BH4]	[Mg,Li,Zn][#6]										
Trifunctional__NbocAmino_Acid_Nitro__ShouldContainAtLeastOne__-	C139	[N;+0]C(=O)OC([CH3])([CH3])[CH3].[#6][N;$([N+](=O)([#6])[O-]),$(N(=O)([#6])=O)].[O;$(O=C([#6])[OD1])]																															
Trifunctional__NbocAmino_Acid_Nitro__shouldNotContain	N139	[Cl,F,Br][C,P,S]=[O,S,N]	[N;$([NH,NH2]);!$(NC=[C,N,O,P,S])!$(N=[C,N,O,S])!$(N[P,S])!$(N#[C])]	[CX4][Cl,Br,I]	[N;$(NC(=O)O[CH2][CH]1c2ccccc2-c3ccccc13)]	[O;$(O=C([#6])[OD1])].[O;$(O=C([#6])[OD1])]	N=O.N=O	[OD1]C(=O)C(F)(F)F.*	[OD1]C(=O)[CH3].*	[OD1]C(=O)C(=O)[OD1].*	*=[NH]	[O,S]=[C;$(C([#6])[#6])]	[O,S]=[CH;$(C[#6])]	[O,S]=[CH2]	[SH,S-]	[Sn,B]	N[OH]	N=C=[O,S]	O=COC([CD1])([CD1])[CD1].O=COC([CD1])([CD1])[CD1]	[Si,P,S,B][Cl,F,Br,I]	[SiH,SiH2,SiH3,SiH4,PH,PH2,PH3,SH,SH2,BH,BH2,BH3,BH4]	[Mg,Li,Zn][#6]											
Trifunctional__Amines_Nboc_Ester__ShouldContainAtLeastOne	C140	[N;+0]C(=O)OC([CH3])([CH3])[CH3].[NX3;$([NH2][c,CX4]),$([NH]([c,CX4])[CX4])].[O;$(O([CH3])C([#6])=O),$(O([CH2][CH3])C([#6])=O),$(O([CH2]c1[cH][cH][cH][cH][cH]1)C([#6])=O),$(O(C([CH3])([CH3])[CH3])C([#6])=O),$(O([CH2][CH]=[CH2])C([#6])=O)]	[NX3;$([NHR0]([CX4,c])!@[ND3R]),$([NH2R0]!@[ND3R]),$([NR]@[NHR]@[CX4,c]),$([NHR]([CX4,c])@[O]),$([NH2][O])].[OD1;$(O=C(N)OC([CH3])([CH3])[CH3])].[O;$(O([CH3])C([#6])=O),$(O([CH2][CH3])C([#6])=O),$(O([CH2]c1[cH][cH][cH][cH][cH]1)C([#6])=O),$(O(C([CH3])([CH3])[CH3])C([#6])=O),$(O([CH2][CH]=[CH2])C([#6])=O)]																														
Trifunctional__Amines_Nboc_Ester__shouldNotContain	N140	[Cl,F,Br][C,P,S](=[O,S,N])	[O;$(O=C([#6])[OD1])]	[O;$(O([#6])C([#6])=O)].[O;$(O([#6])C([#6])=O)]	OC([CD1])([CD1])[CD1].O=COC([CD1])([CD1])[CD1]	[N;$([NH]);!$(NC=[C,N,O,P,S])!$(N=[C,N,O,S])!$(N[P,S])!$(NC#N)].[N;$([NH]);!$(NC=[C,N,O,P,S])!$(N=[C,N,O,S])!$(N[P,S])!$(NC#N)]	NC(=O)O[CH2][CH]1c2ccccc2-c3ccccc13	[CX4][Cl,Br,I]	[O,S]=[C;$(C([#6])[#6])]	[O,S]=[CH;$(C[#6])]	[O,S]=[CH2]	[SH,S-]	[Sn,B]	N[OH]	N=C=[O,S]	[N-]=[N+]=N	[Sn,B]	[Or3]	[Si,P,S,B][Cl,F,Br,I]	[SiH,SiH2,SiH3,SiH4,PH,PH2,PH3,SH,SH2,BH,BH2,BH3,BH4]	[Mg,Li,Zn][#6]												
Trifunctional__Nboc_NCbz_Amino_Acid__ShouldContainAtLeastOne__-	C141	[N;+0]C(=O)O[CH2]c1[cH][cH][cH][cH][cH]1.[O;$(O=C([#6])[OD1])].NC(=O)OC([CH3])([CH3])[CH3]																															
Trifunctional__Nboc_NCbz_Amino_Acid__shouldNotContain	N141	[Cl,F,Br][C,P,S]=[O,S,N]	[CX4][Cl,Br,I]	[N;$([NH,NH2]);!$(NC=[C,N,O,P,S])!$(N=[C,N,O,S])!$(N[P,S])!$(N#[C])]	[OD1]C(=O)[#6].[OD1]C(=O)[#6]	O=COC([CD1])([CD1])[CD1].O=COC([CD1])([CD1])[CD1]	[N;$(NC(=O)O[CH2]c1[cH][cH][cH][cH][cH]1)].[N;$(NC(=O)O[CH2]c1[cH][cH][cH][cH][cH]1)]	[OD1]C(=O)C(F)(F)F.*	[OD1]C(=O)[CH3].*	[OD1]C(=O)C(=O)[OD1].*	*=[NH]	[O,S]=[C;$(C([#6])[#6])]	[O,S]=[CH;$(C[#6])]	[O,S]=[CH2]	[SH,S-]	[Sn,B]	N[OH]	N=C=[O,S]	[Si,P,S,B][Cl,F,Br,I]	[SiH,SiH2,SiH3,SiH4,PH,PH2,PH3,SH,SH2,BH,BH2,BH3,BH4]	[Mg,Li,Zn][#6]												
Trifunctional__Nboc_Nfmoc_Amino_Acid__ShouldContainAtLeastOne__-	C142	[N;+0]C(=O)O[CH2][CH]1c2ccccc2-c3ccccc13.[N;+0]C(=O)OC([CH3])([CH3])[CH3].[O;$(O=C([#6])[OD1])]																															
Trifunctional__Nboc_Nfmoc_Amino_Acid__shouldNotContain	N142	[Cl,F,Br][C,P,S]=[O,S,N]	[CX4][Cl,Br,I]	[N;$(NC(=O)O[CH2][CH]1c2ccccc2-c3ccccc13)].[N;$(NC(=O)O[CH2][CH]1c2ccccc2-c3ccccc13)]	[N;$([NH,NH2]);!$(NC=[C,N,O,P,S])!$(N=[C,N,O,S])!$(N[P,S])!$(N#[C])]	[OD1]C(=O)[#6].[OD1]C(=O)[#6]	O=COC([CD1])([CD1])[CD1].O=COC([CD1])([CD1])[CD1]	[N;$(NC(=O)O[CH2]c1[cH][cH][cH][cH][cH]1)]	[SH,S-]	[OD1]C(=O)C(F)(F)F.*	[OD1]C(=O)[CH3].*	[OD1]C(=O)C(=O)[OD1].*	*=[NH]	[O,S]=[C;$(C([#6])[#6])]	[O,S]=[CH;$(C[#6])]	[O,S]=[CH2]	[Sn,B]	N[OH]	N=C=[O,S]	[Si,P,S,B][Cl,F,Br,I]	[SiH,SiH2,SiH3,SiH4,PH,PH2,PH3,SH,SH2,BH,BH2,BH3,BH4]	[Mg,Li,Zn][#6]											
Trifunctional__NfmocAmino_Acid_AlkyneCH__ShouldContainAtLeastOne__-	C143	[N;+0]C(=O)O[CH2][CH]1c2ccccc2-c3ccccc13.[O;$([OH]C(=O)[#6])].[CH]#C																															
Trifunctional__NfmocAmino_Acid_AlkyneCH__shouldNotContain	N143	[Cl,F,Br][C,P,S]=[O,S,N]	[CX4][Cl,Br,I]	[O;$(O=C([#6])[OD1])].[O;$(O=C([#6])[OD1])]	[N;$(NC(=O)OC([CH3])([CH3])[CH3])]	[N;$([NH,NH2]);!$(NC=[C,N,O,P,S])!$(N=[C,N,O,S])!$(N[P,S])!$(N#[C])]	C#[CH].C#[CH]	[N;$(NC(=O)O[CH2][CH]1c2ccccc2-c3ccccc13)].[N;$(NC(=O)O[CH2][CH]1c2ccccc2-c3ccccc13)]	[OD1]C(=O)C(F)(F)F.*	[OD1]C(=O)[CH3].*	[OD1]C(=O)C(=O)[OD1].*	*=[NH]	[O,S]=[C;$(C([#6])[#6])]	[O,S]=[CH;$(C[#6])]	[O,S]=[CH2]	[SH,S-]	[Sn,B]	N[OH]	N=C=[O,S]	[Si,P,S,B][Cl,F,Br,I]	[SiH,SiH2,SiH3,SiH4,PH,PH2,PH3,SH,SH2,BH,BH2,BH3,BH4]	[Mg,Li,Zn][#6]											
Trifunctional__NfmocAmino_Acid_ArylHalide__ShouldContainAtLeastOne__-	C144	[N;+0]C(=O)O[CH2][CH]1c2ccccc2-c3ccccc13.[O;$(O=C([#6])[OD1])].[Cl,Br,I;$(Clc1[c,n][c,n]n[c,n][c,n]1),$(Clc1[n][c,n][n,c][c,n][c,n]1),$(Clc1[n]aa[a;!c]1),$([I,Br]c)]																															
Trifunctional__NfmocAmino_Acid_ArylHalide__shouldNotContain	N144	[Cl,F,Br][C,P,S]=[O,S,N]	[CX4][Cl,Br,I]	[O;$(O=C([#6])[OD1])].[O;$(O=C([#6])[OD1])]	[N;$([NH,NH2]);!$(NC=[C,N,O,P,S])!$(N=[C,N,O,S])!$(N[P,S])!$(N#[C])]	[I]c.[I]c	[Br]c.[Br]c	[Cl;$(Clc1[c,n][c,n]n[c,n][c,n]1),$(Clc1[n][c,n][n,c][c,n][c,n]1),$(Clc1[n]aa[a;!c]1)].[Cl;$(Clc1[c,n][c,n]n[c,n][c,n]1),$(Clc1[n][c,n][n,c][c,n][c,n]1),$(Clc1[n]aa[a;!c]1)]	[N;$(NC(=O)O[CH2][CH]1c2ccccc2-c3ccccc13)].[N;$(NC(=O)O[CH2][CH]1c2ccccc2-c3ccccc13)]	[OD1]C(=O)C(F)(F)F.*	[OD1]C(=O)[CH3].*	[OD1]C(=O)C(=O)[OD1].*	*=[NH]	[O,S]=[C;$(C([#6])[#6])]	[O,S]=[CH;$(C[#6])]	[O,S]=[CH2]	[SH,S-]	[Sn,B]	N[OH]	N=C=[O,S]	C(=[S,N])[N]	[O,N!R]=,#[C,N][CH][C,N]=,#[O,N!R]	C1OC1	[C-]#[N+][*]	[#6]!@#N[*]	C#[CH]	[Si,P,S,B][Cl,F,Br,I]	[SiH,SiH2,SiH3,SiH4,PH,PH2,PH3,SH,SH2,BH,BH2,BH3,BH4]	[Mg,Li,Zn][#6]				
Trifunctional__NfmocAmino_Acid_Ester__ShouldContainAtLeastOne__-	C145	[N;+0]C(=O)O[CH2][CH]1c2ccccc2-c3ccccc13.[O;$(O=C([#6])[OD1])].[O;$(O([CH3])C([#6])=O),$(O([CH2][CH3])C([#6])=O),$(O([CH2]c1[cH][cH][cH][cH][cH]1)C([#6])=O),$(O(C([CH3])([CH3])[CH3])C([#6])=O),$(O([CH2][CH]=[CH2])C([#6])=O)]																															
Trifunctional__NfmocAmino_Acid_Ester__shouldNotContain	N145	[Cl,F,Br][C,P,S]=[O,S,N]	[N;$([NH,NH2]);!$(NC=[C,N,O,P,S])!$(N=[C,N,O,S])!$(N[P,S])!$(N#[C])]	[CX4][Cl,Br,I]	NC(=O)OC([CH3])([CH3])[CH3]	[O;$(O=C([#6])[OD1])].[O;$(O=C([#6])[OD1])]	[N;$(NC(=O)O[CH2][CH]1c2ccccc2-c3ccccc13)].[N;$(NC(=O)O[CH2][CH]1c2ccccc2-c3ccccc13)]	[O;$(O([#6])C([#6])=O)].[O;$(O([#6])C([#6])=O)]	[OD1]C(=O)C(F)(F)F.*	[OD1]C(=O)[CH3].*	[OD1]C(=O)C(=O)[OD1].*	*=[NH]	[O,S]=[C;$(C([#6])[#6])]	[O,S]=[CH;$(C[#6])]	[O,S]=[CH2]	[SH,S-]	[Sn,B]	N[OH]	N=C=[O,S]	[N-]=[N+]=N	[Si,P,S,B][Cl,F,Br,I]	[SiH,SiH2,SiH3,SiH4,PH,PH2,PH3,SH,SH2,BH,BH2,BH3,BH4]	[Mg,Li,Zn][#6]										
Trifunctional__NfmocAmino_Acid_Nitro__ShouldContainAtLeastOne__-	C146	[N;+0;$(NC(=O)O[CH2][CH]1c2ccccc2-c3ccccc13)].[#6][N;$([N+](=O)([#6])[O-]),$(N(=O)([#6])=O)].[OD1]C(=O)[#6]																															
Trifunctional__NfmocAmino_Acid_Nitro__shouldNotContain	N146	[Cl,F,Br][C,P,S]=[O,S,N]	[CX4][Cl,Br,I]	[N;$([NH,NH2]);!$(NC=[C,N,O,P,S])!$(N=[C,N,O,S])!$(N[P,S])!$(N#[C])]	[O;$(O=C([#6])[OD1])].[O;$(O=C([#6])[OD1])]	[N;$(NC(=O)OC([CH3])([CH3])[CH3])]	N=O.N=O	[N;$(NC(=O)O[CH2][CH]1c2ccccc2-c3ccccc13)].[N;$(NC(=O)O[CH2][CH]1c2ccccc2-c3ccccc13)]	[OD1]C(=O)C(F)(F)F.*	[OD1]C(=O)[CH3].*	[OD1]C(=O)C(=O)[OD1].*	*=[NH]	[O,S]=[C;$(C([#6])[#6])]	[O,S]=[CH;$(C[#6])]	[O,S]=[CH2]	[SH,S-]	[Sn,B]	N[OH]	N=C=[O,S]	[Si,P,S,B][Cl,F,Br,I]	[SiH,SiH2,SiH3,SiH4,PH,PH2,PH3,SH,SH2,BH,BH2,BH3,BH4]	[Mg,Li,Zn][#6]											
Trifunctional__Di_Esters_Amino__ShouldContainAtLeastOne__-	C147	[NX3;+0;$([NH2][c,CX4]),$([NH]([c,CX4])[CX4])].[#6]C(=O)[O;$(O[CH3]),$(O[CH2][CH3]),$(OC([CD1])([CD1])[CD1]),$(O[CH2]c1[cH][cH][cH][cH][cH]1),$(O(C([CH3])([CH3])[CH3])C([#6])=O),$(O([CH2][CH]=[CH2])C([#6])=O)].[#6]C(=O)[O;$(O[CH3]),$(O[CH2][CH3]),$(OC([CD1])([CD1])[CD1]),$(O[CH2]c1[cH][cH][cH][cH][cH]1),$(O(C([CH3])([CH3])[CH3])C([#6])=O),$(O([CH2][CH]=[CH2])C([#6])=O)]																															
Trifunctional__Di_Esters_Amino__shouldNotContain	N147	[C,S,P](!@=[O,N,S])[F,Cl,Br]	[C,S,P](!@=[O,N,S])[OH]	[O;$(O(C=O)C)]C(=O)C(=O)O[$([C;D1]),$([C;D2][C;D1])]	[#6]C(=O)[O;$(O([#6])C(=O)[CH3]),$(O([#6])C(=O)c1[cH][cH][cH][cH][cH]1),$(O[CH3]),$(O[CH2][CH3]),$(OC([CD1])([CD1])[CD1]),$(O[CH2]c1[cH][cH][cH][cH][cH]1),$(O(C([CH3])([CH3])[CH3])C([#6])=O),$(O([CH2][CH]=[CH2])C([#6])=O)].[#6]C(=O)[O;$(O([#6])C(=O)[CH3]),$(O([#6])C(=O)c1[cH][cH][cH][cH][cH]1),$(O[CH3]),$(O[CH2][CH3]),$(OC([CD1])([CD1])[CD1]),$(O[CH2]c1[cH][cH][cH][cH][cH]1),$(O(C([CH3])([CH3])[CH3])C([#6])=O),$(O([CH2][CH]=[CH2])C([#6])=O)].[#6]C(=O)[O;$(O([#6])C(=O)[CH3]),$(O([#6])C(=O)c1[cH][cH][cH][cH][cH]1),$(O[CH3]),$(O[CH2][CH3]),$(OC([CD1])([CD1])[CD1]),$(O[CH2]c1[cH][cH][cH][cH][cH]1),$(O(C([CH3])([CH3])[CH3])C([#6])=O),$(O([CH2][CH]=[CH2])C([#6])=O)]	[NX3;$([NH2][c,CX4]),$([NH]([c,CX4])[CX4])].[NX3;$([NH2][c,CX4]),$([NH]([c,CX4])[CX4])]	[O,S]=[C;$(C([#6])[#6])]	[O,S]=[CH;$(C[#6])]	[O,S]=[CH2]	[SH,S-]	[Sn,B]	N[OH]	N=C=[O,S]	[N-]=[N+]=N	[Cl,Br,I][CX4]	[Si,P,S,B][Cl,F,Br,I]	[SiH,SiH2,SiH3,SiH4,PH,PH2,PH3,SH,SH2,BH,BH2,BH3,BH4]	[Mg,Li,Zn][#6]															
SulfonylHalides__SulfonylChlorides__ShouldContainAtLeastOne__-	C148	Cl[SD4]=O																															
SulfonylHalides__SulfonylChlorides__shouldNotContain	N148	Cl[SD4]=O.[C,S,P](=[O,S,N])[Cl,Br,F]	ClS(=O)(=O)O	[Cl]S(=O)(=O).[F,Cl,Br]S(=O)(=O)	Cl[SD4]=O.[Si,P,S,B][Cl,F,Br,I]	Cl[SD4]=O.[SiH,SiH2,SiH3,SiH4,PH,PH2,PH3,SH,SH2,BH,BH2,BH3,BH4]	[Mg,Li,Zn][#6]																										